Tissue	State	Treatment	Gene	Position	MutFreq	LossFreq	GainFreq	NoMutLoss	MutLoss	NoMutWT	MutWT	NoMutGain	MutGain
Breast	Primary	Non_Treatment	CBFB	p.X55-splice	0.0158159597411934	0.470884255930985	0.0424155283968368	607	17	661	7	60	1
Breast	Primary	Non_Treatment	TP53	p.R175H	0.01294033069734	0.383896477354421	0.0122214234363767	307	11	591	9	15	1
Breast	Primary	Non_Treatment	TP53	p.R213*	0.0100647016534867	0.383896477354421	0.0122214234363767	307	4	591	12	15	1
Breast	Primary	Non_Treatment	TP53	p.R248Q	0.01078360891445	0.383896477354421	0.0122214234363767	307	6	591	11	15	1
Breast	Metastasis	Treatment	ESR1	p.D538G	0.0845323741007194	0.253597122302158	0.133093525179856	105	16	295	26	61	8
Breast	Metastasis	Treatment	ESR1	p.E380Q	0.0179856115107914	0.253597122302158	0.133093525179856	105	5	295	4	61	4
Breast	Metastasis	Treatment	ESR1	p.Y537C	0.0143884892086331	0.253597122302158	0.133093525179856	105	4	295	5	61	2
Breast	Metastasis	Treatment	ESR1	p.Y537S	0.0377697841726619	0.253597122302158	0.133093525179856	105	9	295	11	61	4
Breast	Metastasis	Treatment	TP53	p.R213*	0.0107913669064748	0.438848920863309	0.00899280575539568	127	5	211	3	6	1
Breast	Metastasis	Treatment	TP53	p.R273H	0.012589928057554	0.438848920863309	0.00899280575539568	127	5	211	4	6	1
Breast	Metastasis	Non_Treatment	CDH1	p.Q23*	0.0102249488752556	0.3640081799591	0.081799591002045	127	5	255	2	41	1
Breast	Metastasis	Non_Treatment	TP53	p.R175H	0.0122699386503067	0.425357873210634	0.0224948875255624	97	2	156	6	6	1
Breast	Metastasis	Non_Treatment	TP53	p.R248Q	0.0204498977505112	0.425357873210634	0.0224948875255624	97	6	156	6	6	1
Breast	Metastasis	Non_Treatment	TP53	p.R273H	0.0122699386503067	0.425357873210634	0.0224948875255624	97	1	156	6	6	2
Breast	Metastasis	Non_Treatment	TP53	p.R342*	0.0102249488752556	0.425357873210634	0.0224948875255624	97	3	156	4	6	1
Core-GI	Primary	Treatment	APC	p.E1309Dfs*4	0.0172043010752688	0.109677419354839	0.0365591397849462	19	3	230	7	16	1
Core-GI	Primary	Treatment	APC	p.Q1367*	0.010752688172043	0.109677419354839	0.0365591397849462	19	1	230	6	16	1
Core-GI	Primary	Treatment	APC	p.Q1378*	0.0129032258064516	0.109677419354839	0.0365591397849462	19	2	230	6	16	1
Core-GI	Primary	Treatment	APC	p.Q1429*	0.010752688172043	0.109677419354839	0.0365591397849462	19	2	230	5	16	1
Core-GI	Primary	Treatment	APC	p.R1450*	0.0150537634408602	0.109677419354839	0.0365591397849462	19	2	230	7	16	1
Core-GI	Primary	Treatment	APC	p.R213*	0.0150537634408602	0.109677419354839	0.0365591397849462	19	2	230	7	16	1
Core-GI	Primary	Treatment	APC	p.R216*	0.021505376344086	0.109677419354839	0.0365591397849462	19	1	230	11	16	1
Core-GI	Primary	Treatment	APC	p.R283*	0.0129032258064516	0.109677419354839	0.0365591397849462	19	1	230	7	16	1
Core-GI	Primary	Treatment	APC	p.R499*	0.010752688172043	0.109677419354839	0.0365591397849462	19	1	230	5	16	2
Core-GI	Primary	Treatment	APC	p.R805*	0.010752688172043	0.109677419354839	0.0365591397849462	19	3	230	4	16	1
Core-GI	Primary	Treatment	APC	p.R876*	0.0236559139784946	0.109677419354839	0.0365591397849462	19	1	230	12	16	1
Core-GI	Primary	Treatment	APC	p.T1556Nfs*3	0.0193548387096774	0.109677419354839	0.0365591397849462	19	2	230	8	16	2
Core-GI	Primary	Treatment	SMAD4	p.R361H	0.0172043010752688	0.376344086021505	0.00860215053763441	149	7	266	3	5	1
Core-GI	Primary	Treatment	TP53	p.G245S	0.0150537634408602	0.212903225806452	0.0279569892473118	18	4	164	5	7	1
Core-GI	Primary	Treatment	TP53	p.R175H	0.0473118279569892	0.212903225806452	0.0279569892473118	18	9	164	14	7	2
Core-GI	Primary	Treatment	TP53	p.R196*	0.0129032258064516	0.212903225806452	0.0279569892473118	18	1	164	7	7	1
Core-GI	Primary	Treatment	TP53	p.R209Kfs*6	0.010752688172043	0.212903225806452	0.0279569892473118	18	2	164	5	7	1
Core-GI	Primary	Treatment	TP53	p.R213*	0.0172043010752688	0.212903225806452	0.0279569892473118	18	3	164	7	7	1
Core-GI	Primary	Treatment	TP53	p.R248Q	0.0279569892473118	0.212903225806452	0.0279569892473118	18	7	164	7	7	2
Core-GI	Primary	Treatment	TP53	p.R248W	0.0172043010752688	0.212903225806452	0.0279569892473118	18	5	164	4	7	2
Core-GI	Primary	Treatment	TP53	p.R273C	0.0150537634408602	0.212903225806452	0.0279569892473118	18	5	164	4	7	1
Core-GI	Primary	Treatment	TP53	p.R273H	0.0258064516129032	0.212903225806452	0.0279569892473118	18	4	164	10	7	1
Core-GI	Primary	Treatment	TP53	p.R282W	0.0473118279569892	0.212903225806452	0.0279569892473118	18	10	164	14	7	1
Core-GI	Primary	Treatment	TP53	p.R306*	0.0150537634408602	0.212903225806452	0.0279569892473118	18	2	164	5	7	3
Core-GI	Primary	Treatment	TP53	p.R342*	0.010752688172043	0.212903225806452	0.0279569892473118	18	2	164	5	7	1
Core-GI	Primary	Non_Treatment	SMAD4	p.R361H	0.0146198830409357	0.435672514619883	0.0100714749837557	1159	21	1602	26	31	1
Core-GI	Primary	Non_Treatment	TP53	p.G245S	0.0211176088369071	0.311565951916829	0.0126705653021442	142	26	940	41	18	1
Core-GI	Primary	Non_Treatment	TP53	p.R175H	0.0633528265107212	0.311565951916829	0.0126705653021442	142	74	940	121	18	3
Core-GI	Primary	Non_Treatment	TP53	p.R196*	0.0149447693307342	0.311565951916829	0.0126705653021442	142	21	940	26	18	2
Core-GI	Primary	Non_Treatment	TP53	p.R213*	0.0198180636777128	0.311565951916829	0.0126705653021442	142	23	940	40	18	1
Core-GI	Primary	Non_Treatment	TP53	p.R248Q	0.0295646523716699	0.311565951916829	0.0126705653021442	142	42	940	51	18	1
Core-GI	Primary	Non_Treatment	TP53	p.R248W	0.0240415854450942	0.311565951916829	0.0126705653021442	142	36	940	40	18	1
Core-GI	Primary	Non_Treatment	TP53	p.R273C	0.0279402209226771	0.311565951916829	0.0126705653021442	142	38	940	48	18	3
Core-GI	Primary	Non_Treatment	TP53	p.R273H	0.0292397660818713	0.311565951916829	0.0126705653021442	142	40	940	50	18	3
Core-GI	Primary	Non_Treatment	TP53	p.R282W	0.0354126055880442	0.311565951916829	0.0126705653021442	142	45	940	65	18	2
Core-GI	Primary	Non_Treatment	TP53	p.R306*	0.0133203378817414	0.311565951916829	0.0126705653021442	142	18	940	22	18	4
Core-GI	Primary	Non_Treatment	TP53	p.R342*	0.01364522417154	0.311565951916829	0.0126705653021442	142	18	940	25	18	2
Core-GI	Metastasis	Treatment	APC	p.E1309Dfs*4	0.023021582733813	0.159712230215827	0.0517985611510791	39	5	271	13	29	1
Core-GI	Metastasis	Treatment	APC	p.Q1367*	0.0129496402877698	0.159712230215827	0.0517985611510791	39	2	271	9	29	1
Core-GI	Metastasis	Treatment	APC	p.R1114*	0.0100719424460432	0.159712230215827	0.0517985611510791	39	1	271	8	29	1
Core-GI	Metastasis	Treatment	APC	p.R1450*	0.0201438848920863	0.159712230215827	0.0517985611510791	39	2	271	14	29	1
Core-GI	Metastasis	Treatment	APC	p.R213*	0.018705035971223	0.159712230215827	0.0517985611510791	39	5	271	9	29	2
Core-GI	Metastasis	Treatment	APC	p.R216*	0.0158273381294964	0.159712230215827	0.0517985611510791	39	2	271	11	29	1
Core-GI	Metastasis	Treatment	APC	p.R232*	0.0273381294964029	0.159712230215827	0.0517985611510791	39	7	271	14	29	1
Core-GI	Metastasis	Treatment	APC	p.R499*	0.0100719424460432	0.159712230215827	0.0517985611510791	39	4	271	5	29	1
Core-GI	Metastasis	Treatment	APC	p.R554*	0.0115107913669065	0.159712230215827	0.0517985611510791	39	1	271	9	29	1
Core-GI	Metastasis	Treatment	APC	p.R876*	0.0244604316546763	0.159712230215827	0.0517985611510791	39	2	271	17	29	1
Core-GI	Metastasis	Treatment	APC	p.S1465Wfs*3	0.0143884892086331	0.159712230215827	0.0517985611510791	39	2	271	9	29	2
Core-GI	Metastasis	Treatment	APC	p.T1556Nfs*3	0.0201438848920863	0.159712230215827	0.0517985611510791	39	2	271	14	29	1
Core-GI	Metastasis	Treatment	TP53	p.C176F	0.0100719424460432	0.312230215827338	0.0273381294964029	38	5	169	4	11	1
Core-GI	Metastasis	Treatment	TP53	p.G245S	0.0302158273381295	0.312230215827338	0.0273381294964029	38	9	169	14	11	1
Core-GI	Metastasis	Treatment	TP53	p.R175H	0.0618705035971223	0.312230215827338	0.0273381294964029	38	18	169	26	11	2
Core-GI	Metastasis	Treatment	TP53	p.R196*	0.0258992805755396	0.312230215827338	0.0273381294964029	38	11	169	9	11	1
Core-GI	Metastasis	Treatment	TP53	p.R213*	0.0316546762589928	0.312230215827338	0.0273381294964029	38	9	169	15	11	1
Core-GI	Metastasis	Treatment	TP53	p.R248Q	0.0244604316546763	0.312230215827338	0.0273381294964029	38	8	169	11	11	1
Core-GI	Metastasis	Treatment	TP53	p.R248W	0.023021582733813	0.312230215827338	0.0273381294964029	38	6	169	12	11	1
Core-GI	Metastasis	Treatment	TP53	p.R273C	0.0316546762589928	0.312230215827338	0.0273381294964029	38	9	169	15	11	1
Core-GI	Metastasis	Treatment	TP53	p.R273H	0.0330935251798561	0.312230215827338	0.0273381294964029	38	9	169	16	11	1
Core-GI	Metastasis	Treatment	TP53	p.R282W	0.0287769784172662	0.312230215827338	0.0273381294964029	38	7	169	15	11	1
Core-GI	Metastasis	Treatment	TP53	p.R306*	0.0115107913669065	0.312230215827338	0.0273381294964029	38	3	169	6	11	2
Core-GI	Metastasis	Treatment	TP53	p.R342*	0.0143884892086331	0.312230215827338	0.0273381294964029	38	5	169	7	11	1
Core-GI	Metastasis	Treatment	TP53	p.X307-splice	0.0129496402877698	0.312230215827338	0.0273381294964029	38	5	169	5	11	2
Core-GI	Metastasis	Non_Treatment	TP53	p.G245S	0.0151228733459357	0.333648393194707	0.0160680529300567	55	5	323	13	12	1
Core-GI	Metastasis	Non_Treatment	TP53	p.R175H	0.0680529300567108	0.333648393194707	0.0160680529300567	55	37	323	37	12	1
Core-GI	Metastasis	Non_Treatment	TP53	p.R196*	0.0189035916824197	0.333648393194707	0.0160680529300567	55	10	323	11	12	2
Core-GI	Metastasis	Non_Treatment	TP53	p.R213*	0.0189035916824197	0.333648393194707	0.0160680529300567	55	11	323	11	12	1
Core-GI	Metastasis	Non_Treatment	TP53	p.R248Q	0.0283553875236295	0.333648393194707	0.0160680529300567	55	9	323	23	12	1
Core-GI	Metastasis	Non_Treatment	TP53	p.R248W	0.0245746691871456	0.333648393194707	0.0160680529300567	55	13	323	14	12	2
Core-GI	Metastasis	Non_Treatment	TP53	p.R273C	0.0330812854442344	0.333648393194707	0.0160680529300567	55	20	323	17	12	1
Core-GI	Metastasis	Non_Treatment	TP53	p.R273H	0.0274102079395085	0.333648393194707	0.0160680529300567	55	12	323	19	12	1
Core-GI	Metastasis	Non_Treatment	TP53	p.R282W	0.0302457466918715	0.333648393194707	0.0160680529300567	55	12	323	21	12	2
Developmental-GI-Tract	Primary	Treatment	SMAD4	p.R361C	0.0160642570281124	0.176706827309237	0.0200803212851406	36	2	188	4	6	1
Developmental-GI-Tract	Primary	Non_Treatment	TERT		0.0709635416666667	0.0358072916666667	0.104817708333333	53	4	1238	84	139	24
Developmental-GI-Tract	Primary	Non_Treatment	TP53	p.R175H	0.0364583333333333	0.185546875	0.0305989583333333	76	15	566	42	38	2
Developmental-GI-Tract	Primary	Non_Treatment	TP53	p.R196*	0.01171875	0.185546875	0.0305989583333333	76	4	566	16	38	1
Developmental-GI-Tract	Primary	Non_Treatment	TP53	p.R248Q	0.01953125	0.185546875	0.0305989583333333	76	6	566	25	38	2
Developmental-GI-Tract	Primary	Non_Treatment	TP53	p.R248W	0.0169270833333333	0.185546875	0.0305989583333333	76	5	566	23	38	1
Developmental-GI-Tract	Primary	Non_Treatment	TP53	p.R273C	0.0123697916666667	0.185546875	0.0305989583333333	76	7	566	14	38	1
Developmental-GI-Tract	Primary	Non_Treatment	TP53	p.R273H	0.015625	0.185546875	0.0305989583333333	76	5	566	21	38	1
Developmental-GI-Tract	Primary	Non_Treatment	TP53	p.R282W	0.017578125	0.185546875	0.0305989583333333	76	7	566	22	38	1
Developmental-GI-Tract	Primary	Non_Treatment	TP53	p.Y220C	0.0130208333333333	0.185546875	0.0305989583333333	76	6	566	16	38	1
Developmental-GI-Tract	Metastasis	Treatment	TP53	p.C238Y	0.016	0.24	0.028	10	2	81	4	5	1
Developmental-GI-Tract	Metastasis	Treatment	TP53	p.R175H	0.056	0.24	0.028	10	4	81	11	5	2
Developmental-GI-Tract	Metastasis	Treatment	TP53	p.R196*	0.012	0.24	0.028	10	2	81	3	5	1
Developmental-GI-Tract	Metastasis	Treatment	TP53	p.R248Q	0.028	0.24	0.028	10	2	81	7	5	1
Developmental-GI-Tract	Metastasis	Treatment	TP53	p.R273C	0.016	0.24	0.028	10	3	81	2	5	2
Developmental-GI-Tract	Metastasis	Treatment	TP53	p.R273H	0.02	0.24	0.028	10	4	81	3	5	1
Developmental-GI-Tract	Metastasis	Treatment	TP53	p.R282W	0.02	0.24	0.028	10	1	81	6	5	1
Developmental-GI-Tract	Metastasis	Treatment	TP53	p.R306*	0.012	0.24	0.028	10	3	81	1	5	2
Developmental-GI-Tract	Metastasis	Treatment	TP53	p.X261-splice	0.012	0.24	0.028	10	1	81	4	5	1
Developmental-GI-Tract	Metastasis	Non_Treatment	TP53	p.R175H	0.031591737545565	0.307411907654921	0.0376670716889429	48	12	239	16	30	1
Developmental-GI-Tract	Metastasis	Non_Treatment	TP53	p.R248Q	0.0145808019441069	0.307411907654921	0.0376670716889429	48	4	239	10	30	1
Developmental-GI-Tract	Metastasis	Non_Treatment	TP53	p.R248W	0.0182260024301337	0.307411907654921	0.0376670716889429	48	6	239	11	30	1
Developmental-GI-Tract	Metastasis	Non_Treatment	TP53	p.R273C	0.0145808019441069	0.307411907654921	0.0376670716889429	48	6	239	8	30	1
Developmental-GI-Tract	Metastasis	Non_Treatment	TP53	p.R273H	0.0218712029161604	0.307411907654921	0.0376670716889429	48	11	239	9	30	1
Developmental-GI-Tract	Metastasis	Non_Treatment	TP53	p.R282W	0.0243013365735115	0.307411907654921	0.0376670716889429	48	8	239	14	30	1
Endocrine	Metastasis	Treatment	TP53	p.P151H	0.0161290322580645	0.112903225806452	0.0161290322580645	5	2	54	1	2	1
Endocrine	Metastasis	Treatment	TP53	p.P27Lfs*17	0.0161290322580645	0.112903225806452	0.0161290322580645	5	2	54	1	2	1
Endocrine	Metastasis	Treatment	TP53	p.R273H	0.0161290322580645	0.112903225806452	0.0161290322580645	5	1	54	2	2	1
Endocrine	Metastasis	Treatment	TP53	p.R337H	0.0161290322580645	0.112903225806452	0.0161290322580645	5	2	54	1	2	1
Genitourinary	Primary	Treatment	TP53	p.E285K	0.0204678362573099	0.204678362573099	0.0116959064327485	37	2	194	7	2	1
Genitourinary	Primary	Treatment	TP53	p.R175H	0.0116959064327485	0.204678362573099	0.0116959064327485	37	3	194	3	2	1
Genitourinary	Primary	Treatment	TP53	p.R248W	0.0146198830409357	0.204678362573099	0.0116959064327485	37	1	194	6	2	1
Genitourinary	Primary	Treatment	TP53	p.R273C	0.0116959064327485	0.204678362573099	0.0116959064327485	37	1	194	5	2	1
Genitourinary	Primary	Treatment	TP53	p.R280T	0.0116959064327485	0.204678362573099	0.0116959064327485	37	2	194	4	2	1
Genitourinary	Primary	Non_Treatment	TERT		0.241055456171735	0.0912343470483005	0.126118067978533	174	32	1375	377	151	133
Genitourinary	Primary	Non_Treatment	TP53	p.E285K	0.0120751341681574	0.196779964221825	0.0192307692307692	225	9	1394	20	33	1
Genitourinary	Primary	Non_Treatment	TP53	p.R248Q	0.0111806797853309	0.196779964221825	0.0192307692307692	225	6	1394	21	33	1
Genitourinary	Metastasis	Treatment	APC	p.T1556Nfs*3	0.0174129353233831	0.195273631840796	0.0621890547263682	127	9	574	7	51	1
Genitourinary	Metastasis	Treatment	TP53	p.R175H	0.0186567164179104	0.322139303482587	0.0186567164179104	115	8	383	8	13	2
Genitourinary	Metastasis	Treatment	TP53	p.R248Q	0.0149253731343284	0.322139303482587	0.0186567164179104	115	7	383	7	13	1
Genitourinary	Metastasis	Treatment	TP53	p.R273C	0.0174129353233831	0.322139303482587	0.0186567164179104	115	8	383	8	13	1
Genitourinary	Metastasis	Non_Treatment	TP53	p.Q192*	0.0103986135181976	0.197573656845754	0.0329289428076256	63	3	348	5	16	1
Genitourinary	Metastasis	Non_Treatment	TP53	p.R248Q	0.0138648180242634	0.197573656845754	0.0329289428076256	63	3	348	7	16	1
Genitourinary	Metastasis	Non_Treatment	VHL	p.X114-splice	0.0121317157712305	0.110918544194107	0.126516464471404	40	4	393	5	73	1
Gynecologic	Primary	Treatment	TP53	p.C275Y	0.0103092783505155	0.22680412371134	0.0412371134020619	4	2	60	1	2	2
Gynecologic	Primary	Treatment	TP53	p.D259Y	0.0103092783505155	0.22680412371134	0.0412371134020619	4	3	60	1	2	1
Gynecologic	Primary	Treatment	TP53	p.G245S	0.0257731958762887	0.22680412371134	0.0412371134020619	4	3	60	4	2	1
Gynecologic	Primary	Treatment	TP53	p.K132R	0.0103092783505155	0.22680412371134	0.0412371134020619	4	1	60	3	2	1
Gynecologic	Primary	Treatment	TP53	p.M237I	0.0103092783505155	0.22680412371134	0.0412371134020619	4	1	60	3	2	1
Gynecologic	Primary	Treatment	TP53	p.P278S	0.0103092783505155	0.22680412371134	0.0412371134020619	4	2	60	2	2	1
Gynecologic	Primary	Treatment	TP53	p.P47Rfs*76	0.0103092783505155	0.22680412371134	0.0412371134020619	4	1	60	3	2	1
Gynecologic	Primary	Treatment	TP53	p.Q167*	0.0154639175257732	0.22680412371134	0.0412371134020619	4	2	60	3	2	1
Gynecologic	Primary	Treatment	TP53	p.R175H	0.0257731958762887	0.22680412371134	0.0412371134020619	4	2	60	5	2	1
Gynecologic	Primary	Treatment	TP53	p.R196*	0.0103092783505155	0.22680412371134	0.0412371134020619	4	1	60	3	2	1
Gynecologic	Primary	Treatment	TP53	p.R213*	0.0154639175257732	0.22680412371134	0.0412371134020619	4	2	60	2	2	2
Gynecologic	Primary	Treatment	TP53	p.R248Q	0.0103092783505155	0.22680412371134	0.0412371134020619	4	3	60	1	2	1
Gynecologic	Primary	Treatment	TP53	p.R248W	0.0154639175257732	0.22680412371134	0.0412371134020619	4	1	60	4	2	1
Gynecologic	Primary	Treatment	TP53	p.R273C	0.0103092783505155	0.22680412371134	0.0412371134020619	4	1	60	3	2	1
Gynecologic	Primary	Treatment	TP53	p.R273H	0.0206185567010309	0.22680412371134	0.0412371134020619	4	2	60	4	2	1
Gynecologic	Primary	Treatment	TP53	p.R280T	0.0103092783505155	0.22680412371134	0.0412371134020619	4	1	60	3	2	1
Gynecologic	Primary	Treatment	TP53	p.R282W	0.0103092783505155	0.22680412371134	0.0412371134020619	4	2	60	2	2	1
Gynecologic	Primary	Treatment	TP53	p.R283P	0.0103092783505155	0.22680412371134	0.0412371134020619	4	1	60	3	2	1
Gynecologic	Primary	Treatment	TP53	p.S241F	0.0103092783505155	0.22680412371134	0.0412371134020619	4	2	60	2	2	1
Gynecologic	Primary	Treatment	TP53	p.S241Y	0.0103092783505155	0.22680412371134	0.0412371134020619	4	1	60	3	2	1
Gynecologic	Primary	Treatment	TP53	p.V173L	0.0103092783505155	0.22680412371134	0.0412371134020619	4	2	60	2	2	1
Gynecologic	Primary	Treatment	TP53	p.V173M	0.0103092783505155	0.22680412371134	0.0412371134020619	4	3	60	1	2	1
Gynecologic	Primary	Treatment	TP53	p.X187-splice	0.0206185567010309	0.22680412371134	0.0412371134020619	4	1	60	3	2	3
Gynecologic	Primary	Treatment	TP53	p.Y220C	0.0206185567010309	0.22680412371134	0.0412371134020619	4	1	60	5	2	1
Gynecologic	Primary	Non_Treatment	TP53	p.R175H	0.02660406885759	0.251173708920188	0.0187793427230047	38	12	611	19	5	6
Gynecologic	Primary	Non_Treatment	TP53	p.R213*	0.0187793427230047	0.251173708920188	0.0187793427230047	38	3	611	23	5	1
Gynecologic	Primary	Non_Treatment	TP53	p.R248Q	0.0172143974960876	0.251173708920188	0.0187793427230047	38	9	611	15	5	1
Gynecologic	Primary	Non_Treatment	TP53	p.R248W	0.0219092331768388	0.251173708920188	0.0187793427230047	38	15	611	15	5	1
Gynecologic	Primary	Non_Treatment	TP53	p.R273C	0.0203442879499218	0.251173708920188	0.0187793427230047	38	17	611	10	5	2
Gynecologic	Primary	Non_Treatment	TP53	p.R273H	0.0203442879499218	0.251173708920188	0.0187793427230047	38	15	611	12	5	2
Gynecologic	Primary	Non_Treatment	TP53	p.Y220C	0.0195618153364632	0.251173708920188	0.0187793427230047	38	9	611	18	5	1
Gynecologic	Metastasis	Treatment	TP53	p.M237I	0.0100806451612903	0.334677419354839	0.0342741935483871	16	4	105	3	3	1
Gynecologic	Metastasis	Treatment	TP53	p.R175H	0.0282258064516129	0.334677419354839	0.0342741935483871	16	4	105	11	3	2
Gynecologic	Metastasis	Treatment	TP53	p.R196*	0.0120967741935484	0.334677419354839	0.0342741935483871	16	1	105	6	3	2
Gynecologic	Metastasis	Treatment	TP53	p.R213*	0.0120967741935484	0.334677419354839	0.0342741935483871	16	2	105	6	3	1
Gynecologic	Metastasis	Treatment	TP53	p.R248Q	0.0201612903225806	0.334677419354839	0.0342741935483871	16	6	105	5	3	2
Gynecologic	Metastasis	Treatment	TP53	p.R248W	0.0342741935483871	0.334677419354839	0.0342741935483871	16	5	105	14	3	1
Gynecologic	Metastasis	Treatment	TP53	p.R273C	0.0141129032258065	0.334677419354839	0.0342741935483871	16	6	105	3	3	1
Gynecologic	Metastasis	Treatment	TP53	p.R273H	0.0262096774193548	0.334677419354839	0.0342741935483871	16	7	105	8	3	1
Gynecologic	Metastasis	Treatment	TP53	p.R282W	0.0201612903225806	0.334677419354839	0.0342741935483871	16	5	105	7	3	1
Gynecologic	Metastasis	Treatment	TP53	p.R342*	0.0100806451612903	0.334677419354839	0.0342741935483871	16	2	105	5	3	1
Gynecologic	Metastasis	Treatment	TP53	p.S241F	0.0100806451612903	0.334677419354839	0.0342741935483871	16	2	105	5	3	1
Gynecologic	Metastasis	Treatment	TP53	p.V272M	0.0100806451612903	0.334677419354839	0.0342741935483871	16	2	105	5	3	1
Gynecologic	Metastasis	Treatment	TP53	p.W91*	0.0100806451612903	0.334677419354839	0.0342741935483871	16	1	105	5	3	2
Gynecologic	Metastasis	Treatment	TP53	p.X187-splice	0.0120967741935484	0.334677419354839	0.0342741935483871	16	2	105	5	3	2
Gynecologic	Metastasis	Treatment	TP53	p.Y163C	0.0141129032258065	0.334677419354839	0.0342741935483871	16	5	105	4	3	1
Gynecologic	Metastasis	Treatment	TP53	p.Y220C	0.0241935483870968	0.334677419354839	0.0342741935483871	16	7	105	6	3	2
Gynecologic	Metastasis	Non_Treatment	TP53	p.G245S	0.0113821138211382	0.408130081300813	0.032520325203252	35	4	144	5	8	1
Gynecologic	Metastasis	Non_Treatment	TP53	p.R175H	0.024390243902439	0.408130081300813	0.032520325203252	35	7	144	10	8	1
Gynecologic	Metastasis	Non_Treatment	TP53	p.R248Q	0.032520325203252	0.408130081300813	0.032520325203252	35	11	144	10	8	2
Gynecologic	Metastasis	Non_Treatment	TP53	p.R248W	0.0146341463414634	0.408130081300813	0.032520325203252	35	3	144	8	8	1
Gynecologic	Metastasis	Non_Treatment	TP53	p.R273C	0.0260162601626016	0.408130081300813	0.032520325203252	35	6	144	12	8	1
Gynecologic	Metastasis	Non_Treatment	TP53	p.R273H	0.0276422764227642	0.408130081300813	0.032520325203252	35	6	144	13	8	1
Gynecologic	Metastasis	Non_Treatment	TP53	p.R342*	0.0130081300813008	0.408130081300813	0.032520325203252	35	6	144	4	8	1
Gynecologic	Metastasis	Non_Treatment	TP53	p.S241F	0.0146341463414634	0.408130081300813	0.032520325203252	35	4	144	6	8	2
Gynecologic	Metastasis	Non_Treatment	TP53	p.X187-splice	0.0113821138211382	0.408130081300813	0.032520325203252	35	6	144	3	8	1
Gynecologic	Metastasis	Non_Treatment	TP53	p.Y220C	0.0260162601626016	0.408130081300813	0.032520325203252	35	10	144	8	8	1
Head-and-Neck	Metastasis	Treatment	PIK3CA	p.E542K	0.0344827586206897	0	0.537931034482759	1	1	62	3	55	4
Head-and-Neck	Metastasis	Treatment	PIK3CA	p.E545K	0.0827586206896552	0	0.537931034482759	1	1	62	4	55	10
Head-and-Neck	Metastasis	Treatment	PIK3CA	p.H1047R	0.0275862068965517	0	0.537931034482759	1	1	62	2	55	4
Head-and-Neck	Metastasis	Non_Treatment	PIK3CA	p.E542K	0.024390243902439	0.0121951219512195	0.323170731707317	3	1	101	1	39	5
Head-and-Neck	Metastasis	Non_Treatment	PIK3CA	p.E545K	0.0670731707317073	0.0121951219512195	0.323170731707317	3	1	101	3	39	10
Head-and-Neck	Metastasis	Non_Treatment	PIK3CA	p.H1047R	0.0121951219512195	0.0121951219512195	0.323170731707317	3	1	101	3	39	1
Skin	Metastasis	Non_Treatment	BRAF	p.D594N	0.0133136094674556	0.0281065088757396	0.344674556213018	18	1	318	7	115	4
Skin	Metastasis	Non_Treatment	BRAF	p.V600E	0.20414201183432	0.0281065088757396	0.344674556213018	18	3	318	64	115	74
Skin	Metastasis	Non_Treatment	BRAF	p.V600K	0.0384615384615385	0.0281065088757396	0.344674556213018	18	1	318	15	115	13
Skin	Metastasis	Non_Treatment	BRAF	p.V600R	0.0103550295857988	0.0281065088757396	0.344674556213018	18	1	318	4	115	5
Skin	Metastasis	Non_Treatment	PPP6C	p.R264C	0.0236686390532544	0.27810650887574	0.0428994082840237	177	11	450	7	30	1
Skin	Metastasis	Non_Treatment	TP53	p.Q317*	0.0103550295857988	0.196745562130178	0.0340236686390533	73	4	402	5	22	1
Skin	Metastasis	Non_Treatment	TP53	p.R213*	0.0162721893491124	0.196745562130178	0.0340236686390533	73	4	402	9	22	1
Skin	Metastasis	Non_Treatment	TP53	p.R248W	0.0118343195266272	0.196745562130178	0.0340236686390533	73	3	402	7	22	1
Skin	Metastasis	Non_Treatment	TP53	p.S241F	0.0118343195266272	0.196745562130178	0.0340236686390533	73	3	402	7	22	1
Soft-Tissue	Primary	Non_Treatment	TP53	p.R175H	0.0179640718562874	0.221556886227545	0.0658682634730539	23	4	187	3	13	2
Soft-Tissue	Primary	Non_Treatment	TP53	p.R248Q	0.0119760479041916	0.221556886227545	0.0658682634730539	23	2	187	4	13	1
Soft-Tissue	Primary	Non_Treatment	TP53	p.R342*	0.0119760479041916	0.221556886227545	0.0658682634730539	23	2	187	4	13	1
Soft-Tissue	Primary	Non_Treatment	TP53	p.X261-splice	0.0119760479041916	0.221556886227545	0.0658682634730539	23	3	187	2	13	2
Soft-Tissue	Primary	Non_Treatment	TP53	p.X307-splice	0.0149700598802395	0.221556886227545	0.0658682634730539	23	4	187	3	13	1
Soft-Tissue	Metastasis	Treatment	TP53	p.R175H	0.0143884892086331	0.194244604316547	0.079136690647482	11	1	81	3	7	1
Soft-Tissue	Metastasis	Treatment	TP53	p.R213*	0.0143884892086331	0.194244604316547	0.079136690647482	11	1	81	2	7	2
Soft-Tissue	Metastasis	Treatment	TP53	p.X225-splice	0.0143884892086331	0.194244604316547	0.079136690647482	11	3	81	1	7	1
Soft-Tissue	Metastasis	Treatment	TP53	p.Y220C	0.0143884892086331	0.194244604316547	0.079136690647482	11	1	81	2	7	2
Soft-Tissue	Metastasis	Non_Treatment	TP53	p.R209Kfs*6	0.0164835164835165	0.186813186813187	0.0549450549450549	13	2	106	3	4	1
Soft-Tissue	Metastasis	Non_Treatment	TP53	p.R213*	0.010989010989011	0.186813186813187	0.0549450549450549	13	1	106	3	4	1
Soft-Tissue	Metastasis	Non_Treatment	TP53	p.R273C	0.0164835164835165	0.186813186813187	0.0549450549450549	13	2	106	3	4	1
Soft-Tissue	Metastasis	Non_Treatment	TP53	p.X126-splice	0.0164835164835165	0.186813186813187	0.0549450549450549	13	2	106	3	4	1
Soft-Tissue	Metastasis	Non_Treatment	TP53	p.X332-splice	0.010989010989011	0.186813186813187	0.0549450549450549	13	1	106	2	4	2
Soft-Tissue	Metastasis	Non_Treatment	TP53	p.Y220C	0.021978021978022	0.186813186813187	0.0549450549450549	13	3	106	3	4	1
Thoracic	Primary	Treatment	EGFR	p.E746-A750del	0.0975609756097561	0.0149051490514905	0.254742547425474	10	1	434	34	76	40
Thoracic	Primary	Treatment	EGFR	p.L747-T751del	0.013550135501355	0.0149051490514905	0.254742547425474	10	1	434	7	76	5
Thoracic	Primary	Treatment	EGFR	p.L858R	0.0962059620596206	0.0149051490514905	0.254742547425474	10	2	434	33	76	39
Thoracic	Primary	Treatment	EGFR	p.T790M	0.0555555555555556	0.0149051490514905	0.254742547425474	10	1	434	13	76	30
Thoracic	Primary	Treatment	TP53	p.R175H	0.013550135501355	0.18970189701897	0.016260162601626	46	5	315	7	6	1
Thoracic	Primary	Non_Treatment	EGFR	p.E746-A750del	0.0474670921420024	0.0199441563621859	0.195452732349422	51	1	1690	67	299	54
Thoracic	Primary	Non_Treatment	EGFR	p.L858R	0.0690067810131631	0.0199441563621859	0.195452732349422	51	1	1690	104	299	71
Thoracic	Primary	Non_Treatment	PIK3CA	p.E545K	0.0179497407259673	0.0570402871958516	0.154367770243319	139	2	1885	34	354	12
Thoracic	Primary	Non_Treatment	TP53	p.R273L	0.0103709613083367	0.195053849222178	0.0131631431990427	169	5	1158	23	16	1
Thoracic	Metastasis	Treatment	EGFR	p.E746-A750del	0.11371237458194	0.0267558528428094	0.456521739130435	14	1	259	21	144	49
Thoracic	Metastasis	Treatment	EGFR	p.E746-S752delinsV	0.0117056856187291	0.0267558528428094	0.456521739130435	14	1	259	2	144	7
Thoracic	Metastasis	Treatment	EGFR	p.L747-A750delinsP	0.0100334448160535	0.0267558528428094	0.456521739130435	14	1	259	2	144	6
Thoracic	Metastasis	Treatment	EGFR	p.L747-P753delinsS	0.0100334448160535	0.0267558528428094	0.456521739130435	14	1	259	3	144	5
Thoracic	Metastasis	Treatment	EGFR	p.L858R	0.0819397993311037	0.0267558528428094	0.456521739130435	14	4	259	14	144	34
Thoracic	Metastasis	Treatment	EGFR	p.L861Q	0.0117056856187291	0.0267558528428094	0.456521739130435	14	1	259	3	144	6
Thoracic	Metastasis	Treatment	EGFR	p.T790M	0.0852842809364548	0.0267558528428094	0.456521739130435	14	1	259	16	144	37
Thoracic	Metastasis	Treatment	KRAS	p.G12A	0.0150501672240803	0.0903010033444816	0.148829431438127	51	1	374	9	57	2
Thoracic	Metastasis	Treatment	KRAS	p.G12C	0.0836120401337793	0.0903010033444816	0.148829431438127	51	4	374	34	57	15
Thoracic	Metastasis	Treatment	KRAS	p.G12D	0.0317725752508361	0.0903010033444816	0.148829431438127	51	2	374	16	57	4
Thoracic	Metastasis	Treatment	KRAS	p.G12V	0.0284280936454849	0.0903010033444816	0.148829431438127	51	1	374	12	57	7
Thoracic	Metastasis	Treatment	KRAS	p.Q61H	0.0117056856187291	0.0903010033444816	0.148829431438127	51	1	374	5	57	4
Thoracic	Metastasis	Non_Treatment	EGFR	p.E746-A750del	0.0508474576271186	0.0390567428150332	0.344141488577745	53	2	747	26	293	44
Thoracic	Metastasis	Non_Treatment	EGFR	p.L858R	0.0633750921149595	0.0390567428150332	0.344141488577745	53	1	747	33	293	55
Thoracic	Metastasis	Non_Treatment	TP53	p.R175H	0.0132645541635962	0.340456890198968	0.0243183492999263	132	10	388	8	13	3
Thoracic	Metastasis	Non_Treatment	TP53	p.R273L	0.0110537951363301	0.340456890198968	0.0243183492999263	132	5	388	10	13	3
Thoracic	Metastasis	Non_Treatment	TP53	p.V157F	0.0147383935151069	0.340456890198968	0.0243183492999263	132	8	388	13	13	2
Thoracic	Metastasis	Non_Treatment	TP53	p.X307-splice	0.0103168754605748	0.340456890198968	0.0243183492999263	132	7	388	8	13	2
