Tissue	State	Gene	Function	MutFreq	LossFreq	GainFreq	NoMutLoss	MutLoss	NoMutWT	MutWT	NoMutGain	MutGain
Breast	Primary	ARID1A	TSG	0.0380645161290323	0.245806451612903	0.0212903225806452	367	16	1095	43	32	3
Breast	Primary	CBFB	TSG	0.0470967741935484	0.465806451612903	0.0438709677419355	668	56	743	19	69	1
Breast	Primary	CDH1	TSG	0.12	0.455483870967742	0.0529032258064516	569	139	715	49	83	1
Breast	Primary	CDKN1B	TSG	0.0109677419354839	0.0896774193548387	0.100645161290323	140	1	1239	18	157	1
Breast	Primary	KDM6A	TSG	0.0109677419354839	0.231612903225806	0.0290322580645161	357	4	1134	14	45	2
Breast	Primary	MAP2K4	TSG	0.0303225806451613	0.407096774193548	0.0129032258064516	598	35	887	14	21	1
Breast	Primary	MAP3K1	TSG	0.072258064516129	0.131612903225806	0.0567741935483871	198	8	1165	95	78	12
Breast	Primary	NCOR1	TSG	0.0270967741935484	0.367741935483871	0.0251612903225806	550	22	922	21	39	2
Breast	Primary	NF1	TSG	0.0219354838709677	0.180645161290323	0.0651612903225806	265	17	1153	18	101	2
Breast	Primary	PIK3R1	TSG	0.0141935483870968	0.138709677419355	0.0464516129032258	214	3	1247	18	70	4
Breast	Primary	PTEN	TSG	0.0664516129032258	0.121290322580645	0.0238709677419355	160	30	1254	73	36	3
Breast	Primary	RB1	TSG	0.0225806451612903	0.294193548387097	0.0116129032258065	439	19	1060	18	19	1
Breast	Primary	SPEN	TSG	0.0148387096774194	0.207096774193548	0.0329032258064516	316	7	1163	17	51	2
Breast	Primary	TP53	TSG	0.354193548387097	0.384516129032258	0.012258064516129	336	262	651	286	17	4
Breast	Primary	AKT1	OG	0.0464516129032258	0.138709677419355	0.0748387096774194	214	3	1167	54	100	18
Breast	Primary	ERBB2	OG	0.0141935483870968	0.18258064516129	0.0735483870967742	282	3	1135	20	114	2
Breast	Primary	ESR1	OG	0.012258064516129	0.218064516129032	0.087741935483871	334	6	1065	13	135	3
Breast	Primary	PIK3CA	OG	0.383225806451613	0.0303225806451613	0.112258064516129	29	20	819	512	111	65
Breast	Primary	FOXA1	DFG	0.0193548387096774	0.101935483870968	0.0645161290322581	159	1	1264	30	100	2
Breast	Primary	GATA3	DFG	0.146451612903226	0.0290322580645161	0.121290322580645	41	6	1112	207	173	17
Breast	Metastasis	ARID1A	TSG	0.0507177033492823	0.35311004784689	0.0133971291866029	356	15	625	39	14	2
Breast	Metastasis	ARID2	TSG	0.0143540669856459	0.0813397129186603	0.105263157894737	85	2	838	14	110	2
Breast	Metastasis	ATM	TSG	0.0162679425837321	0.45933014354067	0.0344497607655502	471	11	524	7	36	2
Breast	Metastasis	BRCA1	TSG	0.0124401913875598	0.233492822966507	0.111961722488038	239	7	679	7	117	2
Breast	Metastasis	BRCA2	TSG	0.015311004784689	0.311004784688995	0.0373205741626794	320	7	673	10	39	2
Breast	Metastasis	CBFB	TSG	0.0191387559808612	0.408612440191388	0.0669856459330144	415	14	542	8	71	1
Breast	Metastasis	CDH1	TSG	0.136842105263158	0.393301435406699	0.0784688995215311	310	103	513	41	82	2
Breast	Metastasis	CDKN2A	TSG	0.0105263157894737	0.326315789473684	0.0660287081339713	336	7	631	6	70	1
Breast	Metastasis	KMT2A	TSG	0.0114832535885167	0.439234449760766	0.0344497607655502	453	8	547	5	36	2
Breast	Metastasis	KMT2C	TSG	0.0650717703349282	0.144497607655502	0.105263157894737	148	5	736	50	96	16
Breast	Metastasis	MAP2K4	TSG	0.0267942583732057	0.465071770334928	0.0210526315789474	465	23	532	7	23	1
Breast	Metastasis	MAP3K1	TSG	0.0545454545454545	0.171291866028708	0.0937799043062201	173	8	729	41	89	11
Breast	Metastasis	MEN1	TSG	0.0105263157894737	0.10622009569378	0.0976076555023923	109	4	825	9	103	1
Breast	Metastasis	NCOR1	TSG	0.030622009569378	0.423923444976077	0.0382775119617225	425	20	551	13	40	2
Breast	Metastasis	NF1	TSG	0.0411483253588517	0.216267942583732	0.107177033492823	205	23	688	21	112	2
Breast	Metastasis	PIK3R1	TSG	0.0220095693779904	0.156937799043062	0.0832535885167464	160	6	778	18	87	2
Breast	Metastasis	PTEN	TSG	0.0545454545454545	0.186602870813397	0.0440191387559809	180	17	768	38	43	5
Breast	Metastasis	RB1	TSG	0.0277511961722488	0.385645933014354	0.0181818181818182	386	19	613	12	20	1
Breast	Metastasis	RUNX1	TSG	0.0258373205741627	0.123444976076555	0.0985645933014354	129	2	792	23	100	5
Breast	Metastasis	SMAD4	TSG	0.0133971291866029	0.307177033492823	0.045933014354067	309	14	676	2	49	1
Breast	Metastasis	SPEN	TSG	0.0248803827751196	0.298564593301435	0.0181818181818182	308	6	694	22	20	1
Breast	Metastasis	TBX3	TSG	0.045933014354067	0.110047846889952	0.0880382775119617	116	1	798	42	86	8
Breast	Metastasis	TP53	TSG	0.428708133971292	0.432535885167464	0.015311004784689	223	231	366	213	11	7
Breast	Metastasis	AKT1	OG	0.0497607655502392	0.166507177033493	0.108133971291866	174	2	718	42	104	11
Breast	Metastasis	ERBB2	OG	0.0449760765550239	0.22488038277512	0.104306220095694	228	9	667	36	106	5
Breast	Metastasis	ESR1	OG	0.133014354066986	0.241148325358852	0.123444976076555	203	51	596	70	110	21
Breast	Metastasis	KRAS	OG	0.0114832535885167	0.119617224880383	0.109090909090909	126	1	796	12	114	2
Breast	Metastasis	PIK3CA	OG	0.34066985645933	0.0430622009569378	0.16555023923445	40	7	554	275	98	77
Breast	Metastasis	RHOA	OG	0.0105263157894737	0.240191387559809	0.0708133971291866	252	1	710	12	75	1
Breast	Metastasis	SF3B1	OG	0.0133971291866029	0.105263157894737	0.0277511961722488	110	2	894	14	30	1
Breast	Metastasis	FOXA1	DFG	0.0373205741626794	0.100478468899522	0.105263157894737	104	3	797	35	108	4
Breast	Metastasis	GATA3	DFG	0.132057416267943	0.0660287081339713	0.134928229665072	64	7	718	119	128	15
Core-GI	Primary	AMER1	TSG	0.0423370025402202	0.112334180073384	0.0883432119672594	387	13	2707	127	302	13
Core-GI	Primary	APC	TSG	0.510019757267852	0.137736381597516	0.0245554614733277	223	267	1453	1517	63	26
Core-GI	Primary	ARID1A	TSG	0.0914479254868755	0.242449901213661	0.0141123341800734	819	42	2358	278	45	7
Core-GI	Primary	ASXL1	TSG	0.0169348010160881	0.00366920688681908	0.474456675134067	14	1	1805	46	1667	16
Core-GI	Primary	ATM	TSG	0.0412080158058143	0.102455546147333	0.0191927744848998	353	12	2979	135	68	2
Core-GI	Primary	ATRX	TSG	0.0121366073948631	0.0753598645215919	0.100197572678521	267	2	2882	41	354	3
Core-GI	Primary	B2M	TSG	0.0347163420829805	0.193621224950607	0.0220152413209145	671	17	2673	108	79	1
Core-GI	Primary	BCOR	TSG	0.0180637877504939	0.0767710979395992	0.103584532881739	270	4	2846	60	366	3
Core-GI	Primary	BLM	TSG	0.0143945808636749	0.147050522156365	0.0623765170759244	522	1	2753	50	220	3
Core-GI	Primary	BRCA2	TSG	0.0282246683601468	0.0276601749929438	0.316680779000847	98	2	2244	81	1104	20
Core-GI	Primary	CDKN2A	TSG	0.0299181484617556	0.163703076488851	0.0460062094270392	551	31	2729	73	160	5
Core-GI	Primary	EP300	TSG	0.0172170476996895	0.167936776742873	0.013265594129269	593	4	2844	59	48	1
Core-GI	Primary	FAT1	TSG	0.0197572678521027	0.221845893310754	0.0121366073948631	783	5	2649	67	44	1
Core-GI	Primary	FBXW7	TSG	0.102737792830934	0.206604572396274	0.0149590742308778	697	37	2432	328	53	2
Core-GI	Primary	FLCN	TSG	0.0169348010160881	0.203499858876658	0.0112898673440587	719	4	2726	58	41	1
Core-GI	Primary	KDM6A	TSG	0.0110076206604572	0.086931978549252	0.108382726502964	305	5	2817	36	385	1
Core-GI	Primary	KMT2C	TSG	0.030200395145357	0.034998588766582	0.140558848433531	124	2	2827	96	488	12
Core-GI	Primary	MSH3	TSG	0.0330228619813717	0.141123341800734	0.0206040079029071	499	3	2856	116	74	1
Core-GI	Primary	NBN	TSG	0.0107253739768558	0.0177815410668925	0.239062941010443	64	1	2600	35	844	5
Core-GI	Primary	NCOR1	TSG	0.0166525543324866	0.300310471351962	0.0146768275472763	1059	7	2375	54	53	1
Core-GI	Primary	PIK3R1	TSG	0.0344340953993791	0.143099068585944	0.0206040079029071	493	16	2859	106	72	3
Core-GI	Primary	PTPRS	TSG	0.0177815410668925	0.102173299463731	0.0471351961614451	360	4	2956	60	167	2
Core-GI	Primary	PTPRT	TSG	0.0183460344340954	0.00451594693762348	0.464578041208016	17	1	1837	46	1627	21
Core-GI	Primary	RASA1	TSG	0.0112898673440587	0.149872988992379	0.0214507479537115	524	9	2905	33	77	1
Core-GI	Primary	RB1	TSG	0.0160880609652837	0.0397967823878069	0.304261924922382	133	10	2282	44	1074	6
Core-GI	Primary	SMAD2	TSG	0.0248377081569292	0.426192492238216	0.00987863392605137	1483	29	1940	60	35	2
Core-GI	Primary	SMAD3	TSG	0.017499294383291	0.164549816539656	0.0194750211685013	575	10	2840	53	69	2
Core-GI	Primary	SMAD4	TSG	0.0951171323736946	0.427885972339825	0.00987863392605137	1307	211	1867	127	35	2
Core-GI	Primary	SPEN	TSG	0.0115721140276602	0.192492238216201	0.0200395145357042	683	1	2750	42	72	1
Core-GI	Primary	TET2	TSG	0.0118543607112616	0.216765453005927	0.00931414055884843	769	1	2701	43	34	1
Core-GI	Primary	TGFBR2	TSG	0.0251199548405306	0.159187129551228	0.0220152413209145	549	17	2832	71	76	4
Core-GI	Primary	TP53	TSG	0.637877504939317	0.298616991250353	0.0146768275472763	159	901	1103	1332	24	30
Core-GI	Primary	TP53BP1	TSG	0.0138300874964719	0.176121930567316	0.0135478408128704	622	4	2826	47	49	1
Core-GI	Primary	AKT1	OG	0.0118543607112616	0.184871577758961	0.0285069150437482	654	3	2750	39	100	3
Core-GI	Primary	BRAF	OG	0.0725373976855772	0.0296359017781541	0.141405588484335	104	3	2715	224	470	33
Core-GI	Primary	GNAS	OG	0.0248377081569292	0.00705616709003669	0.46740050804403	26	1	1783	81	1649	9
Core-GI	Primary	KIT	OG	0.0561670900366921	0.193621224950607	0.0220152413209145	677	11	2620	161	50	30
Core-GI	Primary	NRAS	OG	0.0279424216765453	0.143663561953147	0.0118543607112616	500	11	2906	88	41	3
Core-GI	Primary	TERT	OG	0.012701100762066	0.0572960767710979	0.125317527519052	204	1	2853	45	444	2
Core-GI	Primary	JAK1	DFG	0.0158058142816822	0.147050522156365	0.0135478408128704	518	5	2924	52	48	2
Core-GI	Metastasis	AMER1	TSG	0.0353679406731318	0.132915002852253	0.103822019395322	231	4	1297	43	166	18
Core-GI	Metastasis	APC	TSG	0.521391899600685	0.161437535653166	0.0501996577296064	106	179	667	717	69	21
Core-GI	Metastasis	ARID1A	TSG	0.0587564175698802	0.351968054763263	0.0136908157444381	592	27	1037	77	24	2
Core-GI	Metastasis	ASXL1	TSG	0.0154021677124929	0.00342270393610953	0.507701083856246	7	1	846	13	876	16
Core-GI	Metastasis	ATM	TSG	0.0262407301768397	0.135767256132345	0.0405019965772961	231	9	1409	37	70	3
Core-GI	Metastasis	BCOR	TSG	0.0131203650884199	0.118083285795779	0.106103822019395	208	1	1338	24	187	1
Core-GI	Metastasis	BRCA2	TSG	0.0119794637763833	0.0656018254420993	0.364517969195665	115	2	986	15	634	7
Core-GI	Metastasis	CDH1	TSG	0.0114090131203651	0.0810039931545921	0.138049058756418	140	4	1354	17	242	2
Core-GI	Metastasis	CDKN2A	TSG	0.0154021677124929	0.213348545350827	0.0827153451226469	366	10	1218	18	145	2
Core-GI	Metastasis	CREBBP	TSG	0.0108385624643468	0.0758699372504278	0.136908157444381	134	1	1365	17	238	4
Core-GI	Metastasis	EP300	TSG	0.0114090131203651	0.252709640616087	0.0193953223046207	441	4	1262	16	33	3
Core-GI	Metastasis	FAT1	TSG	0.0114090131203651	0.317170564746149	0.0211066742726754	552	6	1146	16	38	1
Core-GI	Metastasis	FBXW7	TSG	0.0644609241300628	0.299486594409584	0.0250998288648032	498	29	1102	84	43	3
Core-GI	Metastasis	KMT2B	TSG	0.0125499144324016	0.0536223616657159	0.107244723331432	94	2	1453	20	187	3
Core-GI	Metastasis	KMT2C	TSG	0.0136908157444381	0.0410724472333143	0.217341699942955	72	2	1284	18	376	7
Core-GI	Metastasis	MAP2K4	TSG	0.0108385624643468	0.343981745579007	0.0136908157444381	599	6	1113	15	25	1
Core-GI	Metastasis	NCOR1	TSG	0.0125499144324016	0.327438676554478	0.0239589275527667	568	8	1123	16	43	1
Core-GI	Metastasis	PBRM1	TSG	0.0114090131203651	0.166001140901312	0.0279520821448945	286	7	1401	14	49	2
Core-GI	Metastasis	PIK3R1	TSG	0.0171135196805476	0.173416999429549	0.0427837992013691	300	6	1350	26	76	1
Core-GI	Metastasis	PTEN	TSG	0.0330861380490588	0.15687393040502	0.0216771249286937	257	20	1405	37	36	4
Core-GI	Metastasis	RB1	TSG	0.0119794637763833	0.0781517398745009	0.350256702795208	128	11	996	8	611	5
Core-GI	Metastasis	RNF43	TSG	0.0319452367370223	0.10781517398745	0.0815744438106104	179	12	1378	45	143	2
Core-GI	Metastasis	SETD2	TSG	0.0102681118083286	0.154592127780947	0.0273816314888762	265	8	1424	12	49	1
Core-GI	Metastasis	SMAD2	TSG	0.0136908157444381	0.468339988590987	0.0188248716486024	809	14	889	12	34	1
Core-GI	Metastasis	SMAD3	TSG	0.0148317170564746	0.207644038790645	0.0319452367370223	364	2	1310	25	56	2
Core-GI	Metastasis	SMAD4	TSG	0.0935539075869937	0.473474044495151	0.0176839703365659	733	99	827	67	32	1
Core-GI	Metastasis	TCF7L2	TSG	0.0444951511694238	0.140901312036509	0.0256702795208214	244	5	1389	74	45	2
Core-GI	Metastasis	TGFBR2	TSG	0.0148317170564746	0.221334854535083	0.0387906446092413	384	6	1277	22	69	1
Core-GI	Metastasis	TP53	TSG	0.656588705077011	0.325156873930405	0.0205362236166572	92	480	491	658	22	16
Core-GI	Metastasis	BRAF	OG	0.0530519110096977	0.0365088419851683	0.215059897318882	63	3	1255	59	345	34
Core-GI	Metastasis	CTNNB1	OG	0.0165430690245294	0.136908157444381	0.0279520821448945	239	3	1438	28	50	1
Core-GI	Metastasis	GNAS	OG	0.0376497432972048	0.0062749572162008	0.4968625213919	12	1	814	59	864	9
Core-GI	Metastasis	KIT	OG	0.0610382201939532	0.272104962920707	0.038220193953223	467	12	1135	76	47	22
Core-GI	Metastasis	NRAS	OG	0.031374786081004	0.241300627495722	0.0148317170564746	414	11	1263	43	24	4
Core-GI	Metastasis	TERT	OG	0.0125499144324016	0.0730176839703366	0.182544209925841	129	1	1289	18	316	6
Core-GI	Metastasis	SOX9	DFG	0.058185966913862	0.101540216771249	0.0872789503707929	175	5	1334	90	145	10
Developmental-GI-Tract	Primary	ARID1A	TSG	0.104761904761905	0.265546218487395	0.00952380952380952	415	61	1169	127	17	2
Developmental-GI-Tract	Primary	BAP1	TSG	0.0274509803921569	0.143417366946779	0.00896358543417367	227	31	1495	20	17	1
Developmental-GI-Tract	Primary	CDKN2A	TSG	0.127170868347339	0.336694677871148	0.0156862745098039	553	50	980	178	28	2
Developmental-GI-Tract	Primary	KDM6A	TSG	0.0207282913165266	0.10812324929972	0.0313725490196078	189	6	1506	32	56	2
Developmental-GI-Tract	Primary	PBRM1	TSG	0.0235294117647059	0.14453781512605	0.0128851540616246	239	21	1483	23	24	1
Developmental-GI-Tract	Primary	RBM10	TSG	0.0151260504201681	0.112044817927171	0.026890756302521	198	4	1514	25	49	1
Developmental-GI-Tract	Primary	SETD2	TSG	0.0145658263305322	0.140616246498599	0.00896358543417367	250	3	1495	25	17	1
Developmental-GI-Tract	Primary	SMAD4	TSG	0.13781512605042	0.218487394957983	0.0224089635854342	293	99	1208	149	41	1
Developmental-GI-Tract	Primary	TGFBR1	TSG	0.0100840336134454	0.107563025210084	0.0246498599439776	189	5	1536	15	45	1
Developmental-GI-Tract	Primary	TGFBR2	TSG	0.0162464985994398	0.221288515406162	0.02296918767507	388	9	1329	22	42	1
Developmental-GI-Tract	Primary	TP53	TSG	0.551260504201681	0.176470588235294	0.030812324929972	85	232	673	744	46	11
Developmental-GI-Tract	Primary	CTNNB1	OG	0.0397759103641457	0.130532212885154	0.0156862745098039	230	5	1460	66	27	3
Developmental-GI-Tract	Primary	GNAS	OG	0.02296918767507	0.0134453781512605	0.124929971988796	25	1	1502	38	220	5
Developmental-GI-Tract	Primary	TERT	OG	0.0705882352941176	0.0364145658263305	0.103081232492997	63	4	1440	98	159	27
Developmental-GI-Tract	Metastasis	ARID1A	TSG	0.102516309412861	0.293569431500466	0.00745573159366263	288	29	670	82	8	2
Developmental-GI-Tract	Metastasis	ARID2	TSG	0.0205032618825722	0.0661696178937558	0.117427772600186	70	3	858	20	126	2
Developmental-GI-Tract	Metastasis	ATM	TSG	0.0214352283317801	0.121155638397018	0.0465983224603914	128	4	876	19	49	3
Developmental-GI-Tract	Metastasis	BCOR	TSG	0.0149114631873253	0.161230195712954	0.0456663560111836	172	3	838	15	50	1
Developmental-GI-Tract	Metastasis	CDKN2A	TSG	0.157502329916123	0.494874184529357	0.0251630941286114	451	82	430	87	26	3
Developmental-GI-Tract	Metastasis	DAXX	TSG	0.0223671947809879	0.124883504193849	0.092264678471575	117	19	836	6	99	2
Developmental-GI-Tract	Metastasis	FBXW7	TSG	0.0121155638397018	0.134203168685927	0.0419384902143523	145	1	872	14	46	1
Developmental-GI-Tract	Metastasis	KDM6A	TSG	0.027027027027027	0.17614165890028	0.0447343895619758	185	6	814	24	48	2
Developmental-GI-Tract	Metastasis	KMT2C	TSG	0.0214352283317801	0.0941286113699907	0.106244175209692	101	2	839	21	113	3
Developmental-GI-Tract	Metastasis	KMT2D	TSG	0.0260950605778192	0.0801491146318733	0.103448275862069	86	2	852	26	110	3
Developmental-GI-Tract	Metastasis	PBRM1	TSG	0.0242311276794035	0.243243243243243	0.0130475302889096	253	10	782	18	15	1
Developmental-GI-Tract	Metastasis	PTEN	TSG	0.0167753960857409	0.118359739049394	0.0298229263746505	120	9	905	11	33	1
Developmental-GI-Tract	Metastasis	RBM10	TSG	0.0167753960857409	0.178937558247903	0.0400745573159366	191	3	823	17	44	1
Developmental-GI-Tract	Metastasis	RNF43	TSG	0.0214352283317801	0.070829450139795	0.121155638397018	75	3	848	21	130	2
Developmental-GI-Tract	Metastasis	SETD2	TSG	0.0139794967381174	0.231127679403541	0.0158434296365331	242	8	801	9	18	1
Developmental-GI-Tract	Metastasis	SMAD4	TSG	0.138863000931966	0.333643988816403	0.0447343895619758	285	75	593	76	49	1
Developmental-GI-Tract	Metastasis	SMARCA4	TSG	0.0139794967381174	0.136067101584343	0.0754892823858341	142	6	838	10	81	2
Developmental-GI-Tract	Metastasis	STK11	TSG	0.0186393289841566	0.190121155638397	0.0577819198508854	199	7	795	14	62	2
Developmental-GI-Tract	Metastasis	TGFBR1	TSG	0.0121155638397018	0.174277726001864	0.0568499534016775	184	5	817	10	62	1
Developmental-GI-Tract	Metastasis	TGFBR2	TSG	0.0223671947809879	0.2618825722274	0.027027027027027	277	6	746	19	29	2
Developmental-GI-Tract	Metastasis	TP53	TSG	0.620689655172414	0.29170549860205	0.0354147250698975	57	258	319	405	34	6
Developmental-GI-Tract	Metastasis	TSC2	TSG	0.0149114631873253	0.112767940354147	0.0876048462255359	112	11	853	7	95	1
Developmental-GI-Tract	Metastasis	BRAF	OG	0.0149114631873253	0.0782851817334576	0.110904007455732	84	2	859	13	117	4
Developmental-GI-Tract	Metastasis	CTNNB1	OG	0.0186393289841566	0.191985088536813	0.0242311276794035	206	2	823	20	27	1
Developmental-GI-Tract	Metastasis	GNAS	OG	0.0214352283317801	0.0167753960857409	0.216216216216216	19	1	802	23	232	2
Developmental-GI-Tract	Metastasis	KRAS	OG	0.657036346691519	0.0354147250698975	0.203168685927307	28	12	275	544	68	152
Developmental-GI-Tract	Metastasis	PIK3CA	OG	0.032618825722274	0.0717614165890028	0.143522833178006	76	3	814	30	151	5
Developmental-GI-Tract	Metastasis	TERT	OG	0.0232991612301957	0.0316868592730662	0.177073625349487	32	4	833	18	186	6
Developmental-GI-Tract	Metastasis	U2AF1	OG	0.0149114631873253	0.185461323392358	0.0400745573159366	199	2	817	16	44	1
Endocrine	Primary	ARID1A	TSG	0.0208333333333333	0.109375	0.0364583333333333	22	1	161	5	8	1
Endocrine	Primary	ATM	TSG	0.0260416666666667	0.135416666666667	0	27	1	162	6	1	1
Endocrine	Primary	MEN1	TSG	0.0260416666666667	0.114583333333333	0.0520833333333333	19	5	160	2	11	1
Endocrine	Primary	TERT	OG	0.541666666666667	0.0885416666666667	0.104166666666667	11	8	67	90	13	9
Endocrine	Metastasis	ATM	TSG	0.0350877192982456	0.175438596491228	0.0087719298245614	39	3	181	7	3	1
Endocrine	Metastasis	CDKN2A	TSG	0.0307017543859649	0.276315789473684	0.0087719298245614	58	7	163	2	3	1
Endocrine	Metastasis	MEN1	TSG	0.0263157894736842	0.100877192982456	0.0614035087719298	20	5	190	3	15	1
Endocrine	Metastasis	RB1	TSG	0.0131578947368421	0.135964912280702	0.0175438596491228	29	4	194	1	5	1
Endocrine	Metastasis	ZFHX3	TSG	0.0175438596491228	0.105263157894737	0.0482456140350877	25	1	190	5	12	1
Endocrine	Metastasis	TERT	OG	0.701754385964912	0.0921052631578947	0.179824561403509	10	13	44	124	17	26
Genitourinary	Primary	APC	TSG	0.0290923196276183	0.133824670287044	0.0465477114041893	309	38	2077	38	120	2
Genitourinary	Primary	ASXL1	TSG	0.0135764158262219	0.0159038013964313	0.130721489526765	42	1	2174	28	330	9
Genitourinary	Primary	ATM	TSG	0.0321955003878976	0.135764158262219	0.0209464701318852	338	14	2107	69	53	3
Genitourinary	Primary	BAP1	TSG	0.0232738557020946	0.130721489526765	0.0480993017843289	316	23	2080	39	125	1
Genitourinary	Primary	BRCA2	TSG	0.021722265321955	0.110162916989915	0.0399534522885958	279	7	2142	51	104	1
Genitourinary	Primary	CDH1	TSG	0.0112490302560124	0.147788983708301	0.0496508921644686	372	11	2051	20	129	1
Genitourinary	Primary	CDKN2A	TSG	0.0166795965865012	0.235453840186191	0.0294802172226532	585	24	1878	19	75	3
Genitourinary	Primary	EP300	TSG	0.0263770364623739	0.100853374709077	0.0298681148176881	254	8	2183	60	76	3
Genitourinary	Primary	FAT1	TSG	0.0193948797517455	0.119860356865787	0.0166795965865012	304	7	2184	44	43	2
Genitourinary	Primary	FBXW7	TSG	0.030256012412723	0.11055081458495	0.0155159038013964	275	12	2188	67	40	2
Genitourinary	Primary	KMT2A	TSG	0.0221101629169899	0.134988363072149	0.0193948797517455	346	4	2128	54	50	2
Genitourinary	Primary	KMT2C	TSG	0.0488750969743988	0.0508145849495733	0.133436772692009	125	8	2003	102	327	19
Genitourinary	Primary	NCOR1	TSG	0.0190069821567106	0.167959658650116	0.025989138867339	422	13	2043	37	67	2
Genitourinary	Primary	PBRM1	TSG	0.0473235065942591	0.126842513576416	0.0581846392552366	253	76	2055	48	151	1
Genitourinary	Primary	PTEN	TSG	0.0484871993793638	0.127230411171451	0.0197827773467804	295	35	2110	91	51	2
Genitourinary	Primary	RB1	TSG	0.0554693560899922	0.226144297905353	0.0205585725368503	522	63	1871	73	45	10
Genitourinary	Primary	SETD2	TSG	0.0279286268425136	0.124127230411171	0.0554693560899922	287	35	2078	39	144	1
Genitourinary	Primary	TET2	TSG	0.0100853374709077	0.10822342901474	0.0139643134212568	278	3	2240	25	37	1
Genitourinary	Primary	TP53	TSG	0.271140418929403	0.197827773467805	0.0182311869666408	261	251	1587	436	34	15
Genitourinary	Primary	TSC1	TSG	0.0298681148176881	0.139643134212568	0.0484871993793638	323	39	2055	40	126	1
Genitourinary	Primary	ZFHX3	TSG	0.0310318076027929	0.188518231186967	0.0364623739332816	467	21	1942	58	92	4
Genitourinary	Primary	BRAF	OG	0.0147401086113266	0.025989138867339	0.139643134212568	67	2	2121	32	355	7
Genitourinary	Primary	CTNNB1	OG	0.0193948797517455	0.102404965089216	0.0632273079906905	264	2	2106	47	161	4
Genitourinary	Primary	FGFR3	OG	0.0907680372381691	0.101629169899147	0.0702094647013188	255	9	1966	171	126	57
Genitourinary	Primary	HRAS	OG	0.0186190845616757	0.121799844840962	0.0159038013964313	314	2	2180	45	39	4
Genitourinary	Primary	KRAS	OG	0.025989138867339	0.0589604344453064	0.104344453064391	152	2	2110	49	252	19
Genitourinary	Primary	PIK3CA	OG	0.0861132660977502	0.0159038013964313	0.119472459270753	39	4	2049	182	271	39
Genitourinary	Primary	TERT	OG	0.261055081458495	0.091155934833204	0.13033359193173	187	50	1542	467	179	159
Genitourinary	Primary	FOXP1	DFG	0.0128006206361521	0.134988363072149	0.0620636152055857	347	3	2042	30	159	3
Genitourinary	Primary	NSD1	DFG	0.0116369278510473	0.105120248254461	0.0729247478665632	268	5	2094	27	189	1
Genitourinary	Metastasis	APC	TSG	0.055032585083273	0.184648805213613	0.0593772628530051	214	43	1011	35	83	1
Genitourinary	Metastasis	ARID1A	TSG	0.055032585083273	0.161477190441709	0.0347574221578566	215	10	1048	64	45	5
Genitourinary	Metastasis	ASXL1	TSG	0.0173787110789283	0.0224475018102824	0.178131788559015	32	1	1083	23	245	3
Genitourinary	Metastasis	ATM	TSG	0.0260680666183925	0.170890658942795	0.0637219406227371	225	13	1037	22	86	4
Genitourinary	Metastasis	BAP1	TSG	0.0209992758870384	0.115858073859522	0.0963070238957277	149	13	1074	16	132	3
Genitourinary	Metastasis	BRCA2	TSG	0.0231716147719044	0.198406951484432	0.0470673425054308	268	8	1019	25	65	2
Genitourinary	Metastasis	CDKN1A	TSG	0.0123099203475742	0.0695148443157133	0.118030412744388	97	1	1112	12	158	7
Genitourinary	Metastasis	CREBBP	TSG	0.0217233888486604	0.0767559739319334	0.151339608979001	105	3	1040	28	209	2
Genitourinary	Metastasis	EP300	TSG	0.0144822592324403	0.154236060825489	0.0492396813902969	213	2	1083	19	68	2
Genitourinary	Metastasis	KDM5C	TSG	0.0166545981173063	0.0673425054308472	0.164373642288197	94	1	1040	23	227	2
Genitourinary	Metastasis	KDM6A	TSG	0.0514120202751629	0.0673425054308472	0.181752353367125	86	9	982	57	245	8
Genitourinary	Metastasis	KMT2A	TSG	0.0209992758870384	0.170166545981173	0.055032585083273	234	3	1046	26	75	3
Genitourinary	Metastasis	KMT2C	TSG	0.0427226647356988	0.0796524257784214	0.187545257060101	107	5	973	41	245	16
Genitourinary	Metastasis	KMT2D	TSG	0.0608254887762491	0.0412744388124547	0.112237509051412	55	4	1096	75	149	8
Genitourinary	Metastasis	NCOR1	TSG	0.0130340333091962	0.209992758870384	0.0608254887762491	285	7	997	12	84	2
Genitourinary	Metastasis	PBRM1	TSG	0.0463432295438088	0.132512671976828	0.109341057204924	157	28	1011	38	152	1
Genitourinary	Metastasis	PIK3R1	TSG	0.0217233888486604	0.224475018102824	0.0347574221578566	305	7	1001	24	48	2
Genitourinary	Metastasis	PTEN	TSG	0.0687907313540912	0.196958725561188	0.0362056480811007	240	34	1001	60	48	4
Genitourinary	Metastasis	RB1	TSG	0.0419985517740768	0.380883417813179	0.0166545981173063	500	28	802	32	24	1
Genitourinary	Metastasis	RNF43	TSG	0.0108616944243302	0.0311368573497466	0.165821868211441	43	2	1100	11	226	5
Genitourinary	Metastasis	SETD2	TSG	0.0398262128892107	0.120202751629254	0.114409847936278	149	19	1023	36	157	3
Genitourinary	Metastasis	SPEN	TSG	0.0108616944243302	0.143374366401159	0.054308472121651	194	6	1099	11	76	1
Genitourinary	Metastasis	SPOP	TSG	0.0687907313540912	0.0224475018102824	0.114409847936278	30	3	1106	88	153	7
Genitourinary	Metastasis	STAG2	TSG	0.0130340333091962	0.0941346850108617	0.10789283128168	129	3	1087	17	150	1
Genitourinary	Metastasis	TP53	TSG	0.325126719768284	0.270094134685011	0.0246198406951484	177	198	730	246	28	8
Genitourinary	Metastasis	TSC1	TSG	0.0115858073859522	0.116582186821144	0.128167994207096	153	10	1038	7	177	2
Genitourinary	Metastasis	VHL	TSG	0.0803765387400434	0.0992034757422158	0.12237509051412	96	43	1008	69	169	2
Genitourinary	Metastasis	ZFHX3	TSG	0.0369297610427227	0.307023895727734	0.0267921795800145	408	18	889	33	36	3
Genitourinary	Metastasis	AKT1	OG	0.0115858073859522	0.0811006517016655	0.11151339608979	113	1	1103	14	152	4
Genitourinary	Metastasis	AR	OG	0.0477914554670529	0.0521361332367849	0.11151339608979	71	3	1100	57	147	9
Genitourinary	Metastasis	BRAF	OG	0.0137581462708182	0.0369297610427227	0.206372194062274	51	2	1033	14	281	6
Genitourinary	Metastasis	CTNNB1	OG	0.0391020999275887	0.0839971035481535	0.121650977552498	115	3	1056	43	159	11
Genitourinary	Metastasis	FGFR3	OG	0.0325850832729906	0.181752353367125	0.0738595220854453	251	2	996	34	92	12
Genitourinary	Metastasis	HRAS	OG	0.0152063721940623	0.137581462708182	0.0405503258508327	190	2	1119	18	54	4
Genitourinary	Metastasis	KRAS	OG	0.0181028240405503	0.104996379435192	0.158580738595221	146	1	1004	15	209	12
Genitourinary	Metastasis	MTOR	OG	0.0115858073859522	0.175959449674149	0.0434467776973208	242	3	1065	15	61	1
Genitourinary	Metastasis	PIK3CA	OG	0.0615496017378711	0.0304127443881245	0.228819695872556	42	2	954	71	303	15
Genitourinary	Metastasis	TERT	OG	0.123823316437364	0.0796524257784214	0.204199855177408	101	11	874	117	238	46
Genitourinary	Metastasis	FOXA1	DFG	0.0637219406227371	0.0999275887038378	0.105720492396814	136	4	1028	71	132	16
Genitourinary	Metastasis	JAK1	DFG	0.0195510499637944	0.113685734974656	0.0434467776973208	150	9	1147	19	60	2
Gynecologic	Primary	ANKRD11	TSG	0.016304347826087	0.264266304347826	0.0264945652173913	389	2	1022	24	40	1
Gynecologic	Primary	APC	TSG	0.03125	0.152853260869565	0.0183423913043478	222	5	1180	42	27	2
Gynecologic	Primary	ARID1A	TSG	0.30366847826087	0.182065217391304	0.046875	221	49	745	392	62	9
Gynecologic	Primary	ARID1B	TSG	0.0332880434782609	0.164402173913043	0.03125	240	4	1141	45	45	3
Gynecologic	Primary	ASXL1	TSG	0.0135869565217391	0.0108695652173913	0.181385869565217	17	1	1171	20	267	2
Gynecologic	Primary	ASXL2	TSG	0.0101902173913043	0.0258152173913043	0.110733695652174	39	1	1257	16	164	1
Gynecologic	Primary	ATM	TSG	0.0563858695652174	0.137907608695652	0.046195652173913	199	6	1124	79	69	1
Gynecologic	Primary	ATR	TSG	0.0210597826086957	0.0115489130434783	0.197690217391304	18	1	1135	31	291	2
Gynecologic	Primary	ATRX	TSG	0.03125	0.256114130434783	0.0108695652173913	376	3	1036	45	17	1
Gynecologic	Primary	BCOR	TSG	0.0686141304347826	0.245923913043478	0.0169836956521739	356	8	994	93	24	3
Gynecologic	Primary	BLM	TSG	0.0129076086956522	0.138586956521739	0.0672554347826087	205	1	1152	19	99	2
Gynecologic	Primary	BRCA1	TSG	0.0183423913043478	0.157608695652174	0.046875	224	10	1156	17	68	3
Gynecologic	Primary	BRCA2	TSG	0.0292119565217391	0.175271739130435	0.0251358695652174	255	5	1139	40	38	1
Gynecologic	Primary	CDK12	TSG	0.0115489130434783	0.169157608695652	0.0563858695652174	246	5	1129	13	83	2
Gynecologic	Primary	CIC	TSG	0.0237771739130435	0.134510869565217	0.0794836956521739	196	4	1126	33	118	1
Gynecologic	Primary	CREBBP	TSG	0.0264945652173913	0.158288043478261	0.0591032608695652	233	2	1116	38	87	2
Gynecologic	Primary	CTCF	TSG	0.110054347826087	0.217391304347826	0.0298913043478261	320	2	948	162	45	1
Gynecologic	Primary	DICER1	TSG	0.016304347826087	0.105978260869565	0.0407608695652174	157	1	1234	24	60	2
Gynecologic	Primary	EP300	TSG	0.0271739130434783	0.185461956521739	0.0183423913043478	268	7	1139	35	28	1
Gynecologic	Primary	EPHA3	TSG	0.0101902173913043	0.110054347826087	0.0495923913043478	163	1	1223	16	74	1
Gynecologic	Primary	FAT1	TSG	0.0387228260869565	0.234375	0.0108695652173913	342	5	1060	53	16	2
Gynecologic	Primary	FBXW7	TSG	0.10054347826087	0.212635869565217	0.00883152173913043	302	13	1013	135	12	3
Gynecologic	Primary	INPP4B	TSG	0.0129076086956522	0.212635869565217	0.0135869565217391	313	2	1122	19	21	1
Gynecologic	Primary	KDM5C	TSG	0.0115489130434783	0.268342391304348	0.0129076086956522	393	4	1045	15	20	1
Gynecologic	Primary	KMT2A	TSG	0.0197010869565217	0.129076086956522	0.0482336956521739	190	2	1187	26	69	4
Gynecologic	Primary	KMT2B	TSG	0.0638586956521739	0.0455163043478261	0.14945652173913	68	1	1092	95	221	1
Gynecologic	Primary	KMT2C	TSG	0.0360054347826087	0.0604619565217391	0.111413043478261	87	4	1174	47	161	5
Gynecologic	Primary	LATS1	TSG	0.0190217391304348	0.16508152173913	0.0230978260869565	239	6	1173	24	35	1
Gynecologic	Primary	MAP3K1	TSG	0.0230978260869565	0.177989130434783	0.016304347826087	261	3	1155	33	25	1
Gynecologic	Primary	MLH1	TSG	0.0129076086956522	0.11616847826087	0.0394021739130435	171	2	1226	19	59	1
Gynecologic	Primary	MSH2	TSG	0.0224184782608696	0.0135869565217391	0.150135869565217	21	1	1199	34	222	1
Gynecologic	Primary	MSH3	TSG	0.0230978260869565	0.19633152173913	0.0135869565217391	290	1	1130	35	21	1
Gynecologic	Primary	MSH6	TSG	0.0332880434782609	0.0135869565217391	0.125679347826087	20	2	1221	48	185	2
Gynecologic	Primary	NBN	TSG	0.0101902173913043	0.0278532608695652	0.22554347826087	42	1	1087	14	331	3
Gynecologic	Primary	NCOR1	TSG	0.015625	0.269701086956522	0.015625	394	5	1034	20	24	1
Gynecologic	Primary	NF1	TSG	0.0577445652173913	0.1875	0.0387228260869565	263	15	1069	72	58	1
Gynecologic	Primary	PBRM1	TSG	0.0129076086956522	0.129076086956522	0.0489130434782609	190	2	1193	19	73	1
Gynecologic	Primary	PIK3R1	TSG	0.165760869565217	0.188858695652174	0.014945652173913	267	13	943	231	21	3
Gynecologic	Primary	POLE	TSG	0.0421195652173913	0.110054347826087	0.0543478260869565	163	1	1169	63	81	1
Gynecologic	Primary	PPP2R1A	TSG	0.0842391304347826	0.161005434782609	0.0706521739130435	230	9	1035	98	86	20
Gynecologic	Primary	PTCH1	TSG	0.0190217391304348	0.192255434782609	0.0251358695652174	283	2	1126	28	38	1
Gynecologic	Primary	PTPRD	TSG	0.0169836956521739	0.184782608695652	0.0523097826086957	273	1	1099	26	78	1
Gynecologic	Primary	PTPRS	TSG	0.0142663043478261	0.283967391304348	0.0210597826086957	419	1	1003	22	32	1
Gynecologic	Primary	PTPRT	TSG	0.0176630434782609	0.0142663043478261	0.182065217391304	22	1	1161	24	266	4
Gynecologic	Primary	RAD50	TSG	0.0101902173913043	0.126358695652174	0.0264945652173913	186	2	1234	15	40	1
Gynecologic	Primary	RASA1	TSG	0.0326086956521739	0.186141304347826	0.0129076086956522	272	4	1135	46	20	1
Gynecologic	Primary	RB1	TSG	0.0414402173913043	0.191576086956522	0.0285326086956522	263	21	1108	42	43	1
Gynecologic	Primary	RNF43	TSG	0.0543478260869565	0.10258152173913	0.0808423913043478	151	2	1126	78	118	3
Gynecologic	Primary	SETD2	TSG	0.0176630434782609	0.118885869565217	0.0434782608695652	176	1	1208	27	65	1
Gynecologic	Primary	SMAD2	TSG	0.0101902173913043	0.179347826086957	0.0197010869565217	265	1	1165	16	30	1
Gynecologic	Primary	SMARCA4	TSG	0.0129076086956522	0.107336956521739	0.143342391304348	159	1	1085	20	212	1
Gynecologic	Primary	SOX17	TSG	0.0292119565217391	0.0122282608695652	0.242527173913043	18	2	1058	41	356	3
Gynecologic	Primary	SPEN	TSG	0.0197010869565217	0.105978260869565	0.078125	157	1	1174	29	115	2
Gynecologic	Primary	SPOP	TSG	0.0278532608695652	0.10258152173913	0.0747282608695652	150	3	1178	35	106	6
Gynecologic	Primary	STAG2	TSG	0.0115489130434783	0.245244565217391	0.014945652173913	361	2	1074	17	23	1
Gynecologic	Primary	TP53	TSG	0.514945652173913	0.247961956521739	0.0217391304347826	41	326	670	407	6	28
Gynecologic	Primary	TP53BP1	TSG	0.016304347826087	0.211277173913043	0.0129076086956522	310	3	1121	23	20	1
Gynecologic	Primary	TSC1	TSG	0.0101902173913043	0.1875	0.0224184782608696	276	2	1152	13	32	3
Gynecologic	Primary	TSC2	TSG	0.0129076086956522	0.139266304347826	0.0801630434782609	203	4	1135	16	118	2
Gynecologic	Primary	ZFHX3	TSG	0.078125	0.254755434782609	0.0224184782608696	367	10	959	107	34	1
Gynecologic	Primary	CTNNB1	OG	0.105978260869565	0.111413043478261	0.0360054347826087	162	4	1104	153	53	2
Gynecologic	Primary	ERBB2	OG	0.0203804347826087	0.169836956521739	0.0563858695652174	250	2	1111	30	84	1
Gynecologic	Primary	ESR1	OG	0.0142663043478261	0.150815217391304	0.078804347826087	222	2	1115	21	117	1
Gynecologic	Primary	KRAS	OG	0.139945652173913	0.0434782608695652	0.11820652173913	65	1	1057	179	147	29
Gynecologic	Primary	MTOR	OG	0.0176630434782609	0.125679347826087	0.0686141304347826	185	2	1163	25	101	2
Gynecologic	Primary	NFE2L2	OG	0.0278532608695652	0.0244565217391304	0.105978260869565	37	1	1243	39	154	4
Gynecologic	Primary	PIK3CA	OG	0.35258152173913	0.00543478260869565	0.266983695652174	5	5	627	446	324	71
Gynecologic	Primary	RRAS2	OG	0.0258152173913043	0.146059782608696	0.0217391304347826	216	1	1190	37	31	3
Gynecologic	Primary	TERT	OG	0.0278532608695652	0.0883152173913044	0.145380434782609	129	3	1094	36	211	5
Gynecologic	Primary	XPO1	OG	0.0122282608695652	0.0142663043478261	0.114809782608696	22	1	1265	19	170	1
Gynecologic	Primary	EPHA7	DFG	0.0108695652173913	0.134510869565217	0.0407608695652174	199	1	1199	17	61	1
Gynecologic	Primary	FOXP1	DFG	0.0135869565217391	0.118885869565217	0.0495923913043478	176	1	1205	21	74	1
Gynecologic	Primary	MED12	DFG	0.0387228260869565	0.25679347826087	0.0101902173913043	374	6	1028	53	16	1
Gynecologic	Primary	NOTCH3	DFG	0.0115489130434783	0.0611413043478261	0.121603260869565	91	1	1189	16	178	3
Gynecologic	Primary	SOX9	DFG	0.0129076086956522	0.0760869565217391	0.110733695652174	113	1	1181	18	162	3
Gynecologic	Metastasis	ARID1A	TSG	0.126012601260126	0.266426642664266	0.0576057605760576	277	21	633	120	64	2
Gynecologic	Metastasis	ARID1B	TSG	0.0198019801980198	0.31953195319532	0.0513051305130513	355	2	679	22	58	1
Gynecologic	Metastasis	ARID5B	TSG	0.0117011701170117	0.102610261026103	0.122412241224122	115	1	851	12	135	3
Gynecologic	Metastasis	ATM	TSG	0.0153015301530153	0.195319531953195	0.0873087308730873	214	5	786	13	97	2
Gynecologic	Metastasis	ATRX	TSG	0.0144014401440144	0.442844284428443	0.0126012601260126	491	3	593	14	14	2
Gynecologic	Metastasis	B2M	TSG	0.0108010801080108	0.342034203420342	0.0396039603960396	378	4	679	10	45	1
Gynecologic	Metastasis	BCOR	TSG	0.0288028802880288	0.461746174617462	0.0189018901890189	510	5	551	28	21	2
Gynecologic	Metastasis	BRCA1	TSG	0.0342034203420342	0.226822682268227	0.0594059405940594	241	13	770	25	65	3
Gynecologic	Metastasis	BRCA2	TSG	0.0207020702070207	0.279027902790279	0.0342034203420342	304	8	748	17	39	1
Gynecologic	Metastasis	CDK12	TSG	0.0144014401440144	0.281728172817282	0.054005400540054	309	6	728	12	61	1
Gynecologic	Metastasis	CREBBP	TSG	0.0171017101710171	0.258325832583258	0.0801080108010801	285	4	722	15	88	3
Gynecologic	Metastasis	CTCF	TSG	0.045004500450045	0.378037803780378	0.0414041404140414	419	3	599	48	46	2
Gynecologic	Metastasis	EP300	TSG	0.0189018901890189	0.310531053105311	0.0234023402340234	343	4	723	19	27	1
Gynecologic	Metastasis	FAT1	TSG	0.0171017101710171	0.380738073807381	0.0225022502250225	419	6	650	15	26	1
Gynecologic	Metastasis	FBXW7	TSG	0.0459045904590459	0.331233123312331	0.018001800180018	362	8	682	43	19	3
Gynecologic	Metastasis	INPPL1	TSG	0.0225022502250225	0.0819081908190819	0.158415841584158	90	3	823	23	176	2
Gynecologic	Metastasis	KMT2B	TSG	0.0279027902790279	0.0711071107110711	0.221422142214221	79	2	760	28	244	4
Gynecologic	Metastasis	KMT2C	TSG	0.0315031503150315	0.0891089108910891	0.213321332133213	97	4	746	31	236	3
Gynecologic	Metastasis	KMT2D	TSG	0.0585058505850585	0.072007200720072	0.12961296129613	80	2	828	61	141	5
Gynecologic	Metastasis	LATS1	TSG	0.0117011701170117	0.290729072907291	0.054005400540054	317	8	724	6	60	2
Gynecologic	Metastasis	NF1	TSG	0.0387038703870387	0.331233123312331	0.0315031503150315	348	22	687	23	36	1
Gynecologic	Metastasis	PIK3R1	TSG	0.0756075607560756	0.278127812781278	0.0324032403240324	302	9	695	73	33	5
Gynecologic	Metastasis	PPP2R1A	TSG	0.0639063906390639	0.192619261926193	0.107110711071107	211	5	723	57	109	12
Gynecologic	Metastasis	PTEN	TSG	0.120612061206121	0.126912691269127	0.104410441044104	137	6	749	107	94	24
Gynecologic	Metastasis	RASA1	TSG	0.0126012601260126	0.281728172817282	0.0369036903690369	311	4	747	12	42	1
Gynecologic	Metastasis	RB1	TSG	0.0252025202520252	0.280828082808281	0.0459045904590459	301	13	733	17	52	1
Gynecologic	Metastasis	RNF43	TSG	0.0144014401440144	0.155715571557156	0.153015301530153	173	2	754	16	171	1
Gynecologic	Metastasis	SOX17	TSG	0.0153015301530153	0.0387038703870387	0.315931593159316	44	1	707	12	346	7
Gynecologic	Metastasis	SPEN	TSG	0.0135013501350135	0.200720072007201	0.099009900990099	221	4	767	13	111	1
Gynecologic	Metastasis	SPOP	TSG	0.0135013501350135	0.166516651665167	0.116111611161116	184	3	786	13	129	2
Gynecologic	Metastasis	TP53	TSG	0.725472547254725	0.375337533753375	0.0333033303330333	50	369	248	411	10	29
Gynecologic	Metastasis	ZFHX3	TSG	0.0333033303330333	0.419441944194419	0.0252025202520252	462	6	586	33	29	1
Gynecologic	Metastasis	AKT1	OG	0.0171017101710171	0.148514851485149	0.110711071107111	166	1	806	19	123	2
Gynecologic	Metastasis	BRAF	OG	0.0108010801080108	0.063006300630063	0.202520252025203	71	1	808	10	223	4
Gynecologic	Metastasis	CCND1	OG	0.0117011701170117	0.0756075607560756	0.152115211521152	85	1	846	14	170	1
Gynecologic	Metastasis	CTNNB1	OG	0.0621062106210621	0.151215121512151	0.0765076507650765	166	4	796	64	83	4
Gynecologic	Metastasis	ERBB3	OG	0.0117011701170117	0.0801080108010801	0.126912691269127	90	1	869	14	142	1
Gynecologic	Metastasis	ESR1	OG	0.0153015301530153	0.276327632763276	0.101710171017102	306	3	677	16	114	1
Gynecologic	Metastasis	FGFR2	OG	0.0198019801980198	0.152115211521152	0.127812781278128	169	2	782	20	141	3
Gynecologic	Metastasis	KRAS	OG	0.0783078307830783	0.0648064806480648	0.1998199819982	72	2	751	68	204	20
Gynecologic	Metastasis	NRAS	OG	0.0153015301530153	0.118811881188119	0.0909090909090909	133	1	867	13	97	6
Gynecologic	Metastasis	PIK3CA	OG	0.171917191719172	0.009000900090009	0.422142214221422	9	3	504	130	410	61
Gynecologic	Metastasis	TERT	OG	0.0243024302430243	0.116111611161116	0.241224122412241	128	3	698	18	261	9
Gynecologic	Metastasis	JAK1	DFG	0.0261026102610261	0.126912691269127	0.0918091809180918	141	2	841	29	103	1
Gynecologic	Metastasis	MED12	DFG	0.0108010801080108	0.434743474347435	0.018001800180018	481	4	600	10	21	1
Gynecologic	Metastasis	NOTCH1	DFG	0.0117011701170117	0.274527452745275	0.0612061206120612	305	2	729	11	67	3
Gynecologic	Metastasis	NSD1	DFG	0.0108010801080108	0.112511251125113	0.126912691269127	125	2	836	11	141	2
Head-and-Neck	Primary	ANKRD11	TSG	0.0125	0.125	0.05	31	1	197	3	12	2
Head-and-Neck	Primary	ARID1A	TSG	0.0333333333333333	0.120833333333333	0.0375	30	1	195	9	10	1
Head-and-Neck	Primary	ASXL1	TSG	0.0166666666666667	0.00833333333333333	0.145833333333333	3	1	200	5	36	1
Head-and-Neck	Primary	BAP1	TSG	0.0125	0.25	0.00833333333333333	59	3	178	2	3	1
Head-and-Neck	Primary	BCOR	TSG	0.0375	0.1375	0.05	33	2	189	8	12	2
Head-and-Neck	Primary	CDKN2A	TSG	0.179166666666667	0.245833333333333	0.05	52	9	136	35	12	2
Head-and-Neck	Primary	CYLD	TSG	0.0166666666666667	0.125	0.0458333333333333	28	4	199	2	12	1
Head-and-Neck	Primary	FAT1	TSG	0.1125	0.108333333333333	0.0375	26	2	181	26	9	2
Head-and-Neck	Primary	KDM6A	TSG	0.0583333333333333	0.166666666666667	0.0458333333333333	37	5	181	10	11	2
Head-and-Neck	Primary	MLH1	TSG	0.0125	0.25	0.00833333333333333	61	1	176	4	3	1
Head-and-Neck	Primary	PBRM1	TSG	0.0125	0.258333333333333	0.0125	62	2	174	3	4	1
Head-and-Neck	Primary	PIK3R1	TSG	0.0166666666666667	0.125	0.0333333333333333	31	1	199	5	9	1
Head-and-Neck	Primary	RB1	TSG	0.0166666666666667	0.1625	0.0208333333333333	38	3	195	3	6	1
Head-and-Neck	Primary	RECQL4	TSG	0.0125	0.00833333333333333	0.270833333333333	3	1	172	3	65	2
Head-and-Neck	Primary	SETD2	TSG	0.0125	0.25	0.00833333333333333	61	1	176	4	3	1
Head-and-Neck	Primary	TGFBR2	TSG	0.0291666666666667	0.370833333333333	0.025	87	4	142	5	7	1
Head-and-Neck	Primary	FGFR3	OG	0.025	0.154166666666667	0.0625	37	2	184	6	16	1
Head-and-Neck	Primary	PIK3CA	OG	0.133333333333333	0.00416666666666667	0.316666666666667	2	1	146	19	63	15
Head-and-Neck	Primary	RAC1	OG	0.0166666666666667	0.0166666666666667	0.245833333333333	5	1	176	3	58	3
Head-and-Neck	Primary	TERT	OG	0.354166666666667	0.0958333333333333	0.166666666666667	22	3	109	70	27	15
Head-and-Neck	Primary	NSD1	DFG	0.0166666666666667	0.133333333333333	0.0416666666666667	32	2	196	4	11	1
Head-and-Neck	Metastasis	ARID1A	TSG	0.0517799352750809	0.158576051779935	0.0614886731391586	48	3	229	14	19	2
Head-and-Neck	Metastasis	ARID2	TSG	0.0129449838187702	0.12621359223301	0.0517799352750809	40	1	251	5	17	1
Head-and-Neck	Metastasis	ASXL1	TSG	0.0194174757281553	0.00647249190938511	0.203883495145631	3	1	240	6	63	2
Head-and-Neck	Metastasis	ATM	TSG	0.0129449838187702	0.323624595469256	0.0194174757281553	100	2	201	4	7	1
Head-and-Neck	Metastasis	ATR	TSG	0.0129449838187702	0.00970873786407767	0.349514563106796	4	1	198	2	106	4
Head-and-Neck	Metastasis	B2M	TSG	0.0161812297734628	0.13915857605178	0.029126213592233	42	3	255	4	10	1
Head-and-Neck	Metastasis	BCOR	TSG	0.0420711974110032	0.119741100323625	0.0388349514563107	37	2	249	13	13	1
Head-and-Neck	Metastasis	CDKN2A	TSG	0.0970873786407767	0.245954692556634	0.0744336569579288	71	7	187	25	24	1
Head-and-Neck	Metastasis	CYLD	TSG	0.0129449838187702	0.135922330097087	0.0647249190938511	39	5	248	1	21	1
Head-and-Neck	Metastasis	FAT1	TSG	0.110032362459547	0.132686084142395	0.058252427184466	37	6	223	29	18	2
Head-and-Neck	Metastasis	FBXW7	TSG	0.0388349514563107	0.129449838187702	0.0517799352750809	39	3	246	9	15	3
Head-and-Neck	Metastasis	KDM6A	TSG	0.0485436893203883	0.135922330097087	0.0355987055016181	43	1	242	16	12	1
Head-and-Neck	Metastasis	KMT2C	TSG	0.0420711974110032	0.106796116504854	0.0420711974110032	31	4	255	10	13	2
Head-and-Neck	Metastasis	KMT2D	TSG	0.0841423948220065	0.16504854368932	0.0388349514563107	49	4	224	24	13	1
Head-and-Neck	Metastasis	PIK3R1	TSG	0.0129449838187702	0.155339805825243	0.0323624595469256	49	1	248	5	11	1
Head-and-Neck	Metastasis	PTEN	TSG	0.0355987055016181	0.122977346278317	0.0161812297734628	34	6	261	7	6	1
Head-and-Neck	Metastasis	RASA1	TSG	0.0226537216828479	0.16504854368932	0.0323624595469256	52	1	242	8	11	1
Head-and-Neck	Metastasis	RB1	TSG	0.0453074433656958	0.226537216828479	0.0258899676375405	62	10	227	6	9	1
Head-and-Neck	Metastasis	SPEN	TSG	0.0194174757281553	0.103559870550162	0.0744336569579288	33	1	249	7	24	1
Head-and-Neck	Metastasis	TET2	TSG	0.0194174757281553	0.12621359223301	0.0453074433656958	40	1	251	7	15	1
Head-and-Neck	Metastasis	TGFBR2	TSG	0.0129449838187702	0.381877022653722	0.0194174757281553	117	3	184	3	7	1
Head-and-Neck	Metastasis	TP53	TSG	0.349514563106796	0.158576051779935	0.0323624595469256	32	19	167	85	5	7
Head-and-Neck	Metastasis	HRAS	OG	0.0194174757281553	0.116504854368932	0.0517799352750809	37	1	252	7	17	1
Head-and-Neck	Metastasis	MAPK1	OG	0.0258899676375405	0.058252427184466	0.129449838187702	19	1	244	9	41	1
Head-and-Neck	Metastasis	PIK3CA	OG	0.174757281553398	0.00647249190938511	0.423948220064725	3	1	162	16	93	40
Head-and-Neck	Metastasis	RHOA	OG	0.0129449838187702	0.27831715210356	0.0647249190938511	86	2	201	4	21	1
Head-and-Neck	Metastasis	TERT	OG	0.233009708737864	0.0614886731391586	0.207119741100324	13	8	173	55	54	12
Head-and-Neck	Metastasis	NOTCH1	DFG	0.113268608414239	0.0744336569579288	0.113268608414239	18	7	227	26	32	5
Head-and-Neck	Metastasis	NSD1	DFG	0.0258899676375405	0.142394822006472	0.0550161812297735	43	3	243	7	18	1
Head-and-Neck	Metastasis	TP63	DFG	0.0129449838187702	0.00970873786407767	0.456310679611651	4	1	165	2	139	4
Skin	Primary	ANKRD11	TSG	0.0155440414507772	0.22279792746114	0.0362694300518135	87	1	281	7	15	1
Skin	Primary	APC	TSG	0.0181347150259067	0.116580310880829	0.0414507772020725	46	1	319	8	17	1
Skin	Primary	ARID1A	TSG	0.0129533678756477	0.142487046632124	0.0673575129533679	56	1	301	6	27	1
Skin	Primary	ARID1B	TSG	0.0103626943005181	0.352331606217617	0.0259067357512953	136	2	238	4	11	1
Skin	Primary	ASXL1	TSG	0.0233160621761658	0.0103626943005181	0.176165803108808	5	1	308	8	67	3
Skin	Primary	ATM	TSG	0.0284974093264249	0.269430051813472	0.038860103626943	103	3	259	10	16	1
Skin	Primary	ATR	TSG	0.0181347150259067	0.160621761658031	0.0544041450777202	63	1	298	7	21	2
Skin	Primary	ATRX	TSG	0.0492227979274611	0.186528497409326	0.0181347150259067	69	5	293	16	8	1
Skin	Primary	B2M	TSG	0.0103626943005181	0.215025906735751	0.0595854922279793	81	4	280	2	24	1
Skin	Primary	BAP1	TSG	0.0310880829015544	0.155440414507772	0.0569948186528497	52	10	302	4	23	1
Skin	Primary	CBL	TSG	0.0259067357512953	0.287564766839378	0.0362694300518135	108	5	256	7	15	1
Skin	Primary	CDKN2A	TSG	0.137305699481865	0.44300518134715	0.0077720207253886	150	23	182	32	4	1
Skin	Primary	DNMT3B	TSG	0.0129533678756477	0.0103626943005181	0.176165803108808	5	1	310	6	69	1
Skin	Primary	EPHA3	TSG	0.0103626943005181	0.129533678756477	0.0492227979274611	51	1	314	5	20	1
Skin	Primary	FAT1	TSG	0.0595854922279793	0.158031088082902	0.0310880829015544	61	2	293	22	12	2
Skin	Primary	FBXW7	TSG	0.0181347150259067	0.124352331606218	0.038860103626943	47	3	319	6	16	1
Skin	Primary	FH	TSG	0.0103626943005181	0.0440414507772021	0.248704663212435	18	1	270	5	97	1
Skin	Primary	GRIN2A	TSG	0.0336787564766839	0.158031088082902	0.0310880829015544	61	2	302	13	13	1
Skin	Primary	KMT2A	TSG	0.0233160621761658	0.287564766839378	0.038860103626943	108	5	256	6	16	1
Skin	Primary	KMT2C	TSG	0.0259067357512953	0.0492227979274611	0.230569948186528	20	1	271	9	88	3
Skin	Primary	MEN1	TSG	0.0181347150259067	0.126943005181347	0.0854922279792746	49	2	299	7	34	1
Skin	Primary	MLH1	TSG	0.0103626943005181	0.147668393782383	0.0673575129533679	56	3	303	2	26	2
Skin	Primary	NF1	TSG	0.134715025906736	0.103626943005181	0.038860103626943	32	10	291	42	14	3
Skin	Primary	PBRM1	TSG	0.0207253886010363	0.152849740932642	0.0595854922279793	55	6	302	4	24	1
Skin	Primary	PIK3R1	TSG	0.0259067357512953	0.106217616580311	0.0233160621761658	40	3	329	9	10	1
Skin	Primary	PPP6C	TSG	0.0233160621761658	0.16839378238342	0.0803108808290155	62	5	286	6	32	1
Skin	Primary	PTCH1	TSG	0.0155440414507772	0.173575129533679	0.0518134715025907	68	1	294	7	21	1
Skin	Primary	PTEN	TSG	0.0518134715025907	0.240932642487047	0.00259067357512953	82	13	285	9	2	1
Skin	Primary	PTPRD	TSG	0.0155440414507772	0.39119170984456	0.0233160621761658	149	4	224	4	10	1
Skin	Primary	PTPRT	TSG	0.0362694300518135	0.0207253886010363	0.186528497409326	9	1	296	12	70	4
Skin	Primary	RASA1	TSG	0.0129533678756477	0.10880829015544	0.0259067357512953	43	1	330	6	11	1
Skin	Primary	RB1	TSG	0.0233160621761658	0.101036269430052	0.0725388601036269	39	2	313	8	28	2
Skin	Primary	SETD2	TSG	0.0103626943005181	0.158031088082902	0.0595854922279793	61	2	300	4	24	1
Skin	Primary	SPEN	TSG	0.0103626943005181	0.101036269430052	0.0880829015544041	40	1	310	5	35	1
Skin	Primary	SPRED1	TSG	0.0233160621761658	0.176165803108808	0.0569948186528497	66	4	291	7	23	1
Skin	Primary	TET2	TSG	0.0103626943005181	0.139896373056995	0.0259067357512953	55	1	319	5	11	1
Skin	Primary	TP53	TSG	0.238341968911917	0.170984455958549	0.038860103626943	49	19	235	72	13	4
Skin	Primary	BRAF	OG	0.230569948186528	0.0310880829015544	0.233160621761658	13	1	228	58	59	33
Skin	Primary	CTNNB1	OG	0.0233160621761658	0.142487046632124	0.0595854922279793	56	1	300	10	24	1
Skin	Primary	ERBB4	OG	0.0155440414507772	0.11139896373057	0.0336787564766839	43	2	327	5	13	2
Skin	Primary	FGFR2	OG	0.0233160621761658	0.256476683937824	0.0129533678756477	99	2	275	9	6	1
Skin	Primary	GNAQ	OG	0.0362694300518135	0.191709844559585	0.0518134715025907	75	1	279	15	21	1
Skin	Primary	HRAS	OG	0.0103626943005181	0.134715025906736	0.0336787564766839	53	1	319	4	13	2
Skin	Primary	PIK3CA	OG	0.0466321243523316	0.147668393782383	0.077720207253886	58	1	289	12	24	8
Skin	Primary	RAC1	OG	0.0310880829015544	0.0129533678756477	0.303108808290155	6	1	258	8	113	6
Skin	Primary	TERT	OG	0.440414507772021	0.0932642487046632	0.158031088082902	24	14	146	145	49	14
Skin	Primary	EPHA7	DFG	0.0181347150259067	0.303108808290155	0.0284974093264249	117	2	253	7	12	1
Skin	Primary	NOTCH1	DFG	0.0569948186528497	0.16580310880829	0.0829015544041451	64	2	274	18	29	5
Skin	Primary	NOTCH4	DFG	0.0181347150259067	0.0259067357512953	0.341968911917098	11	1	239	7	132	2
Skin	Primary	TP63	DFG	0.0259067357512953	0.163212435233161	0.0854922279792746	64	1	282	10	33	2
Skin	Metastasis	APC	TSG	0.0268378063010502	0.158693115519253	0.0455075845974329	133	5	666	18	38	3
Skin	Metastasis	ARID1A	TSG	0.0490081680280047	0.163360560093349	0.0805134189031505	138	4	616	34	64	7
Skin	Metastasis	ARID1B	TSG	0.0175029171528588	0.428238039673279	0.0233372228704784	364	5	460	12	21	1
Skin	Metastasis	ASXL1	TSG	0.0105017502917153	0.0105017502917153	0.263710618436406	10	1	617	7	224	4
Skin	Metastasis	ATM	TSG	0.0315052508751459	0.323220536756126	0.0315052508751459	266	13	540	15	27	2
Skin	Metastasis	ATR	TSG	0.0116686114352392	0.14002333722287	0.0723453908984831	121	1	667	10	62	2
Skin	Metastasis	ATRX	TSG	0.0233372228704784	0.128354725787631	0.0373395565927655	107	5	702	15	31	3
Skin	Metastasis	B2M	TSG	0.0280046674445741	0.183197199533256	0.0665110851808635	140	19	638	7	58	1
Skin	Metastasis	BAP1	TSG	0.0396732788798133	0.14002333722287	0.0700116686114352	99	23	666	13	61	1
Skin	Metastasis	BRCA2	TSG	0.0221703617269545	0.11901983663944	0.0968494749124854	102	2	657	17	82	3
Skin	Metastasis	CBL	TSG	0.0385064177362894	0.327887981330222	0.0268378063010502	269	14	536	19	22	3
Skin	Metastasis	CDKN2A	TSG	0.17269544924154	0.543757292882147	0.015169194865811	384	84	316	64	12	3
Skin	Metastasis	DICER1	TSG	0.0175029171528588	0.137689614935823	0.0525087514585764	118	2	681	15	46	1
Skin	Metastasis	EPHA3	TSG	0.0256709451575263	0.121353558926488	0.0991831971995333	105	1	649	21	84	3
Skin	Metastasis	FAT1	TSG	0.0408401400233372	0.171528588098016	0.0408401400233372	141	8	648	29	36	1
Skin	Metastasis	FBXW7	TSG	0.0303383897316219	0.156359393232205	0.0373395565927655	127	9	675	18	32	2
Skin	Metastasis	GRIN2A	TSG	0.0221703617269545	0.102683780630105	0.0711785297549592	89	1	691	19	61	2
Skin	Metastasis	KMT2A	TSG	0.0373395565927655	0.327887981330222	0.0268378063010502	269	14	538	17	21	4
Skin	Metastasis	KMT2B	TSG	0.0303383897316219	0.0373395565927655	0.105017502917153	33	1	714	23	87	5
Skin	Metastasis	KMT2C	TSG	0.0221703617269545	0.0361726954492415	0.350058343057176	32	1	517	11	292	10
Skin	Metastasis	NF2	TSG	0.0163360560093349	0.0840140023337223	0.221703617269545	69	5	588	9	189	3
Skin	Metastasis	PBRM1	TSG	0.0245040840140023	0.142357059509918	0.0805134189031505	116	8	654	14	69	2
Skin	Metastasis	PIK3R1	TSG	0.0116686114352392	0.150525087514586	0.0431738623103851	130	1	684	9	36	3
Skin	Metastasis	PPP6C	TSG	0.0338389731621937	0.26487747957993	0.0501750291715286	215	14	572	17	44	1
Skin	Metastasis	PTEN	TSG	0.0758459743290548	0.344224037339557	0.00816802800466744	255	42	532	25	8	1
Skin	Metastasis	PTPRD	TSG	0.0385064177362894	0.47024504084014	0.0256709451575263	389	16	417	17	21	3
Skin	Metastasis	PTPRT	TSG	0.0676779463243874	0.014002333722287	0.276546091015169	13	1	569	41	220	19
Skin	Metastasis	RB1	TSG	0.0396732788798133	0.128354725787631	0.0898483080513419	101	11	652	20	73	6
Skin	Metastasis	SETD2	TSG	0.0303383897316219	0.143523920653442	0.0746791131855309	122	3	648	24	64	2
Skin	Metastasis	SMARCA4	TSG	0.0128354725787631	0.0618436406067678	0.103850641773629	54	1	705	12	90	1
Skin	Metastasis	SPEN	TSG	0.0210035005834306	0.137689614935823	0.0921820303383897	118	2	646	16	78	3
Skin	Metastasis	SPRED1	TSG	0.0105017502917153	0.170361726954492	0.0711785297549592	142	6	647	5	62	1
Skin	Metastasis	TET1	TSG	0.0116686114352392	0.355892648774796	0.00933488914819136	302	5	540	6	8	2
Skin	Metastasis	TET2	TSG	0.014002333722287	0.161026837806301	0.0315052508751459	135	5	686	8	27	2
Skin	Metastasis	TP53	TSG	0.271878646441074	0.191365227537923	0.0326721120186698	94	72	507	160	26	4
Skin	Metastasis	ZFHX3	TSG	0.0116686114352392	0.206534422403734	0.0396732788798133	176	3	640	8	34	2
Skin	Metastasis	BRAF	OG	0.336056009334889	0.0280046674445741	0.350058343057176	23	3	397	138	152	150
Skin	Metastasis	CTNNB1	OG	0.0478413068844807	0.128354725787631	0.0863477246207701	109	3	639	36	71	5
Skin	Metastasis	FGFR2	OG	0.014002333722287	0.369894982497083	0.015169194865811	316	3	518	11	14	1
Skin	Metastasis	GNAQ	OG	0.0455075845974329	0.269544924154026	0.0478413068844807	229	4	551	36	41	2
Skin	Metastasis	HRAS	OG	0.0280046674445741	0.168028004667445	0.0490081680280047	145	1	653	20	38	6
Skin	Metastasis	KIT	OG	0.0373395565927655	0.11318553092182	0.0781796966161027	97	2	675	20	56	13
Skin	Metastasis	MAP2K1	OG	0.0560093348891482	0.0781796966161027	0.102683780630105	67	2	664	40	81	9
Skin	Metastasis	NRAS	OG	0.23803967327888	0.126021003500583	0.088681446907818	105	5	516	159	35	43
Skin	Metastasis	PIK3CA	OG	0.0221703617269545	0.135355892648775	0.0851808634772462	117	1	652	18	72	3
Skin	Metastasis	RAC1	OG	0.044340723453909	0.0186697782963827	0.362893815635939	17	1	510	22	295	18
Skin	Metastasis	RAF1	OG	0.0128354725787631	0.135355892648775	0.0945157526254376	117	1	652	10	80	3
Skin	Metastasis	TERT	OG	0.689614935822637	0.120186697782964	0.17269544924154	28	77	180	428	61	89
Skin	Metastasis	EPHA7	DFG	0.0210035005834306	0.35705950991832	0.0245040840140023	303	5	517	15	22	1
Skin	Metastasis	EZH2	DFG	0.015169194865811	0.0303383897316219	0.3512252042007	27	1	524	8	296	7
Skin	Metastasis	NOTCH1	DFG	0.0303383897316219	0.256709451575263	0.0525087514585764	217	5	575	19	42	5
Skin	Metastasis	NOTCH2	DFG	0.0105017502917153	0.0898483080513419	0.108518086347725	77	2	680	9	94	1
Skin	Metastasis	TP63	DFG	0.0431738623103851	0.152858809801634	0.0921820303383897	129	4	620	29	74	7
Skin	Metastasis	WT1	DFG	0.0105017502917153	0.175029171528588	0.0490081680280047	151	1	657	10	43	1
Soft-Tissue	Primary	ATRX	TSG	0.123737373737374	0.26010101010101	0.0555555555555556	85	20	247	26	18	6
Soft-Tissue	Primary	CDKN2A	TSG	0.0126262626262626	0.335858585858586	0.0909090909090909	132	3	225	4	37	1
Soft-Tissue	Primary	KMT2D	TSG	0.0202020202020202	0.184343434343434	0.0429292929292929	73	2	301	7	17	2
Soft-Tissue	Primary	NF1	TSG	0.0277777777777778	0.148989898989899	0.0833333333333333	58	3	296	10	34	1
Soft-Tissue	Primary	NF2	TSG	0.0126262626262626	0.174242424242424	0.159090909090909	67	4	263	3	64	1
Soft-Tissue	Primary	PTEN	TSG	0.0252525252525253	0.378787878787879	0.0202020202020202	143	9	237	3	9	1
Soft-Tissue	Primary	RB1	TSG	0.0858585858585859	0.393939393939394	0.0151515151515152	133	25	225	11	7	1
Soft-Tissue	Primary	TP53	TSG	0.335858585858586	0.212121212121212	0.0631313131313131	27	59	225	64	14	13
Soft-Tissue	Primary	FGFR1	OG	0.0101010101010101	0.113636363636364	0.174242424242424	45	2	280	4	70	1
Soft-Tissue	Primary	PIK3CA	OG	0.0126262626262626	0.103535353535354	0.103535353535354	41	2	311	5	42	1
Soft-Tissue	Primary	TERT	OG	0.0303030303030303	0.133838383838384	0.222222222222222	53	2	247	10	87	3
Soft-Tissue	Primary	MED12	DFG	0.0404040404040404	0.214646464646465	0.0808080808080808	81	6	270	11	32	2
Soft-Tissue	Metastasis	ATRX	TSG	0.124610591900312	0.274143302180685	0.059190031152648	77	13	190	26	17	4
Soft-Tissue	Metastasis	B2M	TSG	0.0124610591900312	0.177570093457944	0.127725856697819	56	3	222	3	42	1
Soft-Tissue	Metastasis	CDKN2A	TSG	0.0124610591900312	0.320872274143302	0.0996884735202492	103	2	184	4	33	1
Soft-Tissue	Metastasis	KMT2D	TSG	0.0155763239875389	0.214953271028037	0.0685358255451713	69	2	227	5	23	1
Soft-Tissue	Metastasis	NF1	TSG	0.0218068535825545	0.124610591900312	0.0716510903426791	39	3	254	6	24	1
Soft-Tissue	Metastasis	PTEN	TSG	0.0342679127725857	0.376947040498442	0.00934579439252336	118	5	191	8	4	1
Soft-Tissue	Metastasis	RB1	TSG	0.0872274143302181	0.401869158878505	0.0218068535825545	111	20	178	9	7	2
Soft-Tissue	Metastasis	TP53	TSG	0.327102803738318	0.190031152647975	0.0654205607476635	23	40	186	55	10	13
Soft-Tissue	Metastasis	PIK3CA	OG	0.0280373831775701	0.118380062305296	0.11214953271028	38	2	241	8	36	2
Soft-Tissue	Metastasis	TERT	OG	0.0373831775700935	0.161993769470405	0.227414330218069	53	1	187	11	72	3
Soft-Tissue	Metastasis	MED12	DFG	0.0373831775700935	0.224299065420561	0.0996884735202492	68	6	213	6	31	3
Thoracic	Primary	APC	TSG	0.0181818181818182	0.117411402157165	0.0403697996918336	357	26	2700	35	132	1
Thoracic	Primary	ARID1A	TSG	0.0314329738058552	0.118952234206471	0.0462249614791988	367	21	2632	79	147	5
Thoracic	Primary	BAP1	TSG	0.0252696456086287	0.185824345146379	0.00770416024653313	582	23	2560	59	24	3
Thoracic	Primary	BCOR	TSG	0.0110939907550077	0.11402157164869	0.0332819722650231	369	3	2735	34	108	2
Thoracic	Primary	CDKN2A	TSG	0.0576271186440678	0.321109399075501	0.0240369799691834	972	72	2014	113	75	5
Thoracic	Primary	FAT1	TSG	0.0178736517719569	0.129429892141757	0.0166409861325116	412	10	2725	48	53	3
Thoracic	Primary	FBXW7	TSG	0.0120184899845917	0.112480739599384	0.0163328197226502	363	4	2793	36	53	2
Thoracic	Primary	KEAP1	TSG	0.0486902927580894	0.117411402157165	0.0400616332819723	332	51	2630	106	128	4
Thoracic	Primary	KMT2C	TSG	0.0104776579352851	0.0357473035439137	0.10231124807396	114	4	2770	29	330	4
Thoracic	Primary	PBRM1	TSG	0.0135593220338983	0.191679506933744	0.00832049306625578	609	15	2567	31	28	1
Thoracic	Primary	PTPRD	TSG	0.0107858243451464	0.236055469953775	0.0292758089368259	761	7	2356	30	96	1
Thoracic	Primary	RASA1	TSG	0.0166409861325116	0.128197226502311	0.0375963020030817	399	19	2672	37	123	1
Thoracic	Primary	RB1	TSG	0.0628659476117103	0.205238828967643	0.0110939907550077	564	104	2450	95	30	8
Thoracic	Primary	RBM10	TSG	0.0770416024653313	0.118027734976888	0.0406779661016949	364	21	2506	226	128	6
Thoracic	Primary	SETD2	TSG	0.0317411402157165	0.186748844375963	0.00708782742681048	591	17	2531	87	23	2
Thoracic	Primary	SMAD4	TSG	0.0206471494607088	0.171032357473035	0.0326656394453005	530	27	2545	41	106	2
Thoracic	Primary	SMARCA4	TSG	0.026502311248074	0.119876733436055	0.0397534668721109	374	17	2658	71	130	1
Thoracic	Primary	STK11	TSG	0.11402157164869	0.130970724191063	0.0335901386748844	311	116	2462	251	105	6
Thoracic	Primary	TP53	TSG	0.474884437596302	0.193836671802774	0.0138674884437596	214	417	1472	1101	21	26
Thoracic	Primary	BRAF	OG	0.0335901386748844	0.0317411402157165	0.102619414483821	104	1	2705	106	330	5
Thoracic	Primary	CTNNB1	OG	0.024653312788906	0.169183359013867	0.00893682588597843	536	15	2602	67	30	1
Thoracic	Primary	EGFR	OG	0.212942989214176	0.0187981510015408	0.208936825885978	60	3	2123	385	374	306
Thoracic	Primary	GNAS	OG	0.0101694915254237	0.0228043143297381	0.132203389830508	75	1	2715	29	425	6
Thoracic	Primary	MET	OG	0.0280431432973806	0.0329738058551618	0.104160246533128	103	6	2725	77	329	11
Thoracic	Primary	PIK3CA	OG	0.0536209553158706	0.0551617873651772	0.149460708782743	173	8	2458	125	443	44
Thoracic	Primary	TERT	OG	0.0258859784283513	0.0129429892141757	0.331895223420647	43	1	2065	63	1056	23
Thoracic	Primary	MED12	DFG	0.0120184899845917	0.100770416024653	0.0323574730354391	326	3	2780	35	103	4
Thoracic	Primary	NOTCH1	DFG	0.0101694915254237	0.120493066255778	0.0305084745762712	387	6	2730	27	98	3
Thoracic	Metastasis	APC	TSG	0.0230179028132992	0.208184143222506	0.080306905370844	379	30	1377	16	157	2
Thoracic	Metastasis	ARID1A	TSG	0.0526854219948849	0.20460358056266	0.0557544757033248	382	20	1369	79	104	7
Thoracic	Metastasis	ATM	TSG	0.0373401534526854	0.126854219948849	0.106393861892583	233	17	1453	48	199	11
Thoracic	Metastasis	CDKN2A	TSG	0.0593350383631714	0.445524296675192	0.0562659846547315	817	56	917	59	108	4
Thoracic	Metastasis	CREBBP	TSG	0.0138107416879795	0.0915601023017903	0.168797953964194	177	4	1431	17	323	9
Thoracic	Metastasis	EP300	TSG	0.0138107416879795	0.220971867007673	0.049616368286445	429	5	1405	23	97	2
Thoracic	Metastasis	FAT1	TSG	0.0163682864450128	0.231202046035806	0.0281329923273657	440	14	1431	19	55	2
Thoracic	Metastasis	FBXW7	TSG	0.0112531969309463	0.20920716112532	0.0342710997442455	401	10	1468	13	67	2
Thoracic	Metastasis	KDM5C	TSG	0.0117647058823529	0.227621483375959	0.0772378516624041	433	14	1350	11	152	1
Thoracic	Metastasis	KEAP1	TSG	0.0649616368286445	0.206649616368286	0.0736572890025575	362	44	1327	82	142	4
Thoracic	Metastasis	KMT2C	TSG	0.0209718670076726	0.070076726342711	0.237340153452685	138	1	1321	35	458	8
Thoracic	Metastasis	NF1	TSG	0.0521739130434783	0.0608695652173913	0.153452685421995	109	12	1461	77	286	16
Thoracic	Metastasis	NF2	TSG	0.0107416879795396	0.218925831202046	0.061381074168798	422	8	1394	15	121	1
Thoracic	Metastasis	PBRM1	TSG	0.0158567774936061	0.314066496163683	0.0179028132992327	602	14	1289	19	36	1
Thoracic	Metastasis	PTEN	TSG	0.0296675191815857	0.209718670076726	0.0322250639386189	385	27	1453	31	62	3
Thoracic	Metastasis	PTPRD	TSG	0.0127877237851662	0.343734015345269	0.0644501278772378	661	13	1146	13	126	2
Thoracic	Metastasis	PTPRT	TSG	0.0143222506393862	0.0516624040920716	0.185677749360614	101	2	1476	17	353	12
Thoracic	Metastasis	RASA1	TSG	0.0112531969309463	0.2076726342711	0.0757033248081841	394	14	1393	10	149	1
Thoracic	Metastasis	RB1	TSG	0.0946291560102302	0.353964194373402	0.0245524296675192	585	109	1153	64	35	15
Thoracic	Metastasis	RBM10	TSG	0.059846547314578	0.233759590792839	0.0777493606138107	424	35	1269	79	148	6
Thoracic	Metastasis	SETD2	TSG	0.030690537084399	0.309462915601023	0.0117647058823529	598	9	1277	52	23	2
Thoracic	Metastasis	SMAD4	TSG	0.0327365728900256	0.315089514066496	0.0557544757033248	582	36	1203	29	109	2
Thoracic	Metastasis	SMARCA4	TSG	0.0480818414322251	0.216368286445013	0.0654731457800511	397	28	1341	65	126	4
Thoracic	Metastasis	STK11	TSG	0.10997442455243	0.227621483375959	0.0572890025575448	365	82	1268	132	110	4
Thoracic	Metastasis	TET2	TSG	0.0112531969309463	0.222506393861893	0.0230179028132992	432	5	1459	18	45	2
Thoracic	Metastasis	TP53	TSG	0.609718670076726	0.341687979539642	0.0230179028132992	207	463	543	701	16	31
Thoracic	Metastasis	BRAF	OG	0.039386189258312	0.0685421994884911	0.235805626598465	133	3	1305	57	443	20
Thoracic	Metastasis	CTNNB1	OG	0.0317135549872123	0.293606138107417	0.0138107416879795	557	19	1312	44	27	2
Thoracic	Metastasis	EGFR	OG	0.230690537084399	0.0352941176470588	0.378516624040921	66	5	1005	143	436	306
Thoracic	Metastasis	ERBB2	OG	0.0260869565217391	0.0506393861892583	0.154475703324808	100	1	1519	37	288	16
Thoracic	Metastasis	KRAS	OG	0.241432225063939	0.0920716112531969	0.133503836317136	163	19	1145	371	178	85
Thoracic	Metastasis	MET	OG	0.0276214833759591	0.0649616368286445	0.230690537084399	126	3	1347	32	431	22
Thoracic	Metastasis	PIK3CA	OG	0.0465473145780051	0.0716112531969309	0.209718670076726	138	4	1345	62	384	28
Thoracic	Metastasis	TERT	OG	0.0235294117647059	0.0194373401534527	0.456777493606138	39	1	997	29	876	19
Thoracic	Metastasis	U2AF1	OG	0.0143222506393862	0.128900255754476	0.115089514066496	252	2	1454	26	224	3
Thoracic	Metastasis	NOTCH1	DFG	0.0168797953964194	0.193350383631714	0.0710997442455243	368	12	1420	20	137	4
